,연령별(만)인구현황(기관별),,,,,,,,,,,,,,,,,,,,,,,,,,,,,,,,,,,,,,,,,,,,,,,,,,,,,,,,,,,,,,,,,,,,,,,,,
,,,,,,,,,,,,,,,,,,,,,,,,,,,,,,,,,,,,,,,,,,,,,,,,,,,,,,,,,,,,,,,,,,,,,,,,,,
,행정기관 : 대구광역시 수성구 ,,,,,,,,,,,출력일자 :,2025.05.01,,,,,,,,,,,,,,,,,,,,,,,,,,,,,,,,,,,,,,,,,,,,,,,,,,,,,,,,,,,,,
,통계년월 : 2025년 04월 현재,,,,,,,,,,,,,,,,,,,,,,,,,,,,,,,,,,,,,,,,,,,,,,,,,,,,,,,,,,,,,,,,,,,,,,,,,
,연령,,수성구,,,범어1동,,,범어2동,,,범어3동,,,범어4동,,,만촌1동,,,만촌2동,,,만촌3동,,,수성1가동,,,수성2.3가동,,,수성4가동,,,황금1동,,,황금2동,,,중동,,,상동,,,파동,,,두산동,,,지산1동,,,지산2동,,,범물1동,,,범물2동,,,고산1동,,,고산2동,,,고산3동,,
,,,인구수,구성비,성비,인구수,구성비,성비,인구수,구성비,성비,인구수,구성비,성비,인구수,구성비,성비,인구수,구성비,성비,인구수,구성비,성비,인구수,구성비,성비,인구수,구성비,성비,인구수,구성비,성비,인구수,구성비,성비,인구수,구성비,성비,인구수,구성비,성비,인구수,구성비,성비,인구수,구성비,성비,인구수,구성비,성비,인구수,구성비,성비,인구수,구성비,성비,인구수,구성비,성비,인구수,구성비,성비,인구수,구성비,성비,인구수,구성비,성비,인구수,구성비,성비,인구수,구성비,성비
,합   계,계,"409,898",100.00,92.61,"21,291",100.00,91.69,"14,271",100.00,91.10,"17,331",100.00,91.35,"18,737",100.00,96.98,"20,636",100.00,94.83,"12,746",100.00,99.31,"21,271",100.00,108.29,"17,114",100.00,82.06,"10,385",100.00,94.15,"13,228",100.00,85.58,"21,742",100.00,91.90,"11,257",100.00,89.51,"14,426",100.00,96.30,"14,271",100.00,94.00,"15,648",100.00,90.71,"14,847",100.00,94.43,"19,036",100.00,90.61,"18,545",100.00,87.06,"10,008",100.00,81.14,"15,720",100.00,92.13,"31,425",100.00,92.73,"26,079",100.00,96.51,"29,884",100.00,91.61
,,남,"197,082",100.00,,"10,184",100.00,,"6,803",100.00,,"8,274",100.00,,"9,225",100.00,,"10,044",100.00,,"6,351",100.00,,"11,059",100.00,,"7,714",100.00,,"5,036",100.00,,"6,100",100.00,,"10,412",100.00,,"5,317",100.00,,"7,077",100.00,,"6,915",100.00,,"7,443",100.00,,"7,211",100.00,,"9,049",100.00,,"8,631",100.00,,"4,483",100.00,,"7,538",100.00,,"15,120",100.00,,"12,808",100.00,,"14,288",100.00,
,,여,"212,816",100.00,,"11,107",100.00,,"7,468",100.00,,"9,057",100.00,,"9,512",100.00,,"10,592",100.00,,"6,395",100.00,,"10,212",100.00,,"9,400",100.00,,"5,349",100.00,,"7,128",100.00,,"11,330",100.00,,"5,940",100.00,,"7,349",100.00,,"7,356",100.00,,"8,205",100.00,,"7,636",100.00,,"9,987",100.00,,"9,914",100.00,,"5,525",100.00,,"8,182",100.00,,"16,305",100.00,,"13,271",100.00,,"15,596",100.00,
,0세,계,"1,359",0.33,104.36,108,0.51,107.69,36,0.25,89.47,101,0.58,87.04,25,0.13,150.00,65,0.31,116.67,34,0.27,88.89,50,0.24,72.41,49,0.29,122.73,24,0.23,50.00,29,0.22,81.25,48,0.22,100.00,64,0.57,88.24,134,0.93,106.15,30,0.21,172.73,120,0.77,126.42,71,0.48,144.83,26,0.14,116.67,44,0.24,131.58,13,0.13,30.00,43,0.27,152.94,99,0.32,94.12,83,0.32,107.50,63,0.21,85.29
,,남,694,0.35,,56,0.55,,17,0.25,,47,0.57,,15,0.16,,35,0.35,,16,0.25,,21,0.19,,27,0.35,,8,0.16,,13,0.21,,24,0.23,,30,0.56,,69,0.97,,19,0.27,,67,0.90,,42,0.58,,14,0.15,,25,0.29,,3,0.07,,26,0.34,,48,0.32,,43,0.34,,29,0.20,
,,여,665,0.31,,52,0.47,,19,0.25,,54,0.60,,10,0.11,,30,0.28,,18,0.28,,29,0.28,,22,0.23,,16,0.30,,16,0.22,,24,0.21,,34,0.57,,65,0.88,,11,0.15,,53,0.65,,29,0.38,,12,0.12,,19,0.19,,10,0.18,,17,0.21,,51,0.31,,40,0.30,,34,0.22,
,1세,계,"1,440",0.35,99.72,106,0.50,96.30,47,0.33,104.35,111,0.64,105.56,29,0.15,141.67,71,0.34,82.05,46,0.36,109.09,53,0.25,76.67,51,0.30,104.00,24,0.23,71.43,31,0.23,181.82,56,0.26,86.67,56,0.50,133.33,84,0.58,90.91,41,0.29,141.18,92,0.59,84.00,79,0.53,119.44,37,0.19,60.87,56,0.30,115.38,17,0.17,112.50,50,0.32,117.39,103,0.33,90.74,116,0.44,110.91,84,0.28,78.72
,,남,719,0.36,,52,0.51,,24,0.35,,57,0.69,,17,0.18,,32,0.32,,24,0.38,,23,0.21,,26,0.34,,10,0.20,,20,0.33,,26,0.25,,32,0.60,,40,0.57,,24,0.35,,42,0.56,,43,0.60,,14,0.15,,30,0.35,,9,0.20,,27,0.36,,49,0.32,,61,0.48,,37,0.26,
,,여,721,0.34,,54,0.49,,23,0.31,,54,0.60,,12,0.13,,39,0.37,,22,0.34,,30,0.29,,25,0.27,,14,0.26,,11,0.15,,30,0.26,,24,0.40,,44,0.60,,17,0.23,,50,0.61,,36,0.47,,23,0.23,,26,0.26,,8,0.14,,23,0.28,,54,0.33,,55,0.41,,47,0.30,
,2세,계,"1,607",0.39,103.68,118,0.55,93.44,61,0.43,110.34,122,0.70,106.78,31,0.17,158.33,72,0.35,111.76,51,0.40,96.15,68,0.32,112.50,62,0.36,77.14,48,0.46,84.62,29,0.22,61.11,75,0.34,70.45,60,0.53,100.00,101,0.70,119.57,42,0.29,110.00,107,0.68,87.72,67,0.45,148.15,35,0.18,105.88,61,0.33,125.93,13,0.13,62.50,64,0.41,120.69,100,0.32,112.77,125,0.48,104.92,95,0.32,115.91
,,남,818,0.42,,57,0.56,,32,0.47,,63,0.76,,19,0.21,,38,0.38,,25,0.39,,36,0.33,,27,0.35,,22,0.44,,11,0.18,,31,0.30,,30,0.56,,55,0.78,,22,0.32,,50,0.67,,40,0.55,,18,0.20,,34,0.39,,5,0.11,,35,0.46,,53,0.35,,64,0.50,,51,0.36,
,,여,789,0.37,,61,0.55,,29,0.39,,59,0.65,,12,0.13,,34,0.32,,26,0.41,,32,0.31,,35,0.37,,26,0.49,,18,0.25,,44,0.39,,30,0.51,,46,0.63,,20,0.27,,57,0.69,,27,0.35,,17,0.17,,27,0.27,,8,0.14,,29,0.35,,47,0.29,,61,0.46,,44,0.28,
,3세,계,"1,928",0.47,112.33,161,0.76,117.57,58,0.41,132.00,145,0.84,119.70,73,0.39,87.18,96,0.47,88.24,72,0.56,105.71,95,0.45,143.59,58,0.34,114.81,65,0.63,85.71,34,0.26,112.50,98,0.45,164.86,51,0.45,96.15,116,0.80,90.16,42,0.29,180.00,118,0.75,90.32,78,0.53,100.00,31,0.16,158.33,59,0.32,103.45,22,0.22,69.23,69,0.44,97.14,141,0.45,166.04,139,0.53,107.46,107,0.36,105.77
,,남,"1,020",0.52,,87,0.85,,33,0.49,,79,0.95,,34,0.37,,45,0.45,,37,0.58,,56,0.51,,31,0.40,,30,0.60,,18,0.30,,61,0.59,,25,0.47,,55,0.78,,27,0.39,,56,0.75,,39,0.54,,19,0.21,,30,0.35,,9,0.20,,34,0.45,,88,0.58,,72,0.56,,55,0.38,
,,여,908,0.43,,74,0.67,,25,0.33,,66,0.73,,39,0.41,,51,0.48,,35,0.55,,39,0.38,,27,0.29,,35,0.65,,16,0.22,,37,0.33,,26,0.44,,61,0.83,,15,0.20,,62,0.76,,39,0.51,,12,0.12,,29,0.29,,13,0.24,,35,0.43,,53,0.33,,67,0.50,,52,0.33,
,4세,계,"2,009",0.49,105.63,174,0.82,97.73,72,0.50,100.00,137,0.79,114.06,71,0.38,136.67,109,0.53,142.22,68,0.53,78.95,101,0.47,146.34,61,0.36,52.50,53,0.51,152.38,43,0.33,126.32,136,0.63,100.00,50,0.44,72.41,105,0.73,118.75,54,0.38,116.00,97,0.62,79.63,91,0.61,111.63,38,0.20,123.53,66,0.36,100.00,16,0.16,128.57,54,0.34,100.00,127,0.40,95.38,157,0.60,93.83,129,0.43,122.41
,,남,"1,032",0.52,,86,0.84,,36,0.53,,73,0.88,,41,0.44,,64,0.64,,30,0.47,,60,0.54,,21,0.27,,32,0.64,,24,0.39,,68,0.65,,21,0.39,,57,0.81,,29,0.42,,43,0.58,,48,0.67,,21,0.23,,33,0.38,,9,0.20,,27,0.36,,62,0.41,,76,0.59,,71,0.50,
,,여,977,0.46,,88,0.79,,36,0.48,,64,0.71,,30,0.32,,45,0.42,,38,0.59,,41,0.40,,40,0.43,,21,0.39,,19,0.27,,68,0.60,,29,0.49,,48,0.65,,25,0.34,,54,0.66,,43,0.56,,17,0.17,,33,0.33,,7,0.13,,27,0.33,,65,0.40,,81,0.61,,58,0.37,
,5세,계,"2,433",0.59,107.42,222,1.04,100.00,85,0.60,77.08,177,1.02,92.39,100,0.53,185.71,125,0.61,111.86,80,0.63,81.82,129,0.61,138.89,95,0.56,97.92,72,0.69,71.43,50,0.38,100.00,178,0.82,104.60,61,0.54,48.78,134,0.93,148.15,47,0.33,147.37,98,0.63,104.17,90,0.61,136.84,47,0.25,147.37,81,0.44,118.92,15,0.15,66.67,80,0.51,105.13,178,0.57,104.60,167,0.64,119.74,122,0.41,100.00
,,남,"1,260",0.64,,111,1.09,,37,0.54,,85,1.03,,65,0.70,,66,0.66,,36,0.57,,75,0.68,,47,0.61,,30,0.60,,25,0.41,,91,0.87,,20,0.38,,80,1.13,,28,0.40,,50,0.67,,52,0.72,,28,0.31,,44,0.51,,6,0.13,,41,0.54,,91,0.60,,91,0.71,,61,0.43,
,,여,"1,173",0.55,,111,1.00,,48,0.64,,92,1.02,,35,0.37,,59,0.56,,44,0.69,,54,0.53,,48,0.51,,42,0.79,,25,0.35,,87,0.77,,41,0.69,,54,0.73,,19,0.26,,48,0.59,,38,0.50,,19,0.19,,37,0.37,,9,0.16,,39,0.48,,87,0.53,,76,0.57,,61,0.39,
,6세,계,"2,956",0.72,110.99,268,1.26,84.83,95,0.67,150.00,222,1.28,146.67,184,0.98,104.44,156,0.76,113.70,76,0.60,145.16,200,0.94,127.27,122,0.71,74.29,76,0.73,145.16,46,0.35,142.11,215,0.99,95.45,87,0.77,128.95,110,0.76,115.69,64,0.45,100.00,92,0.59,113.95,97,0.65,102.08,41,0.22,156.25,87,0.47,148.57,27,0.27,80.00,84,0.53,133.33,228,0.73,98.26,205,0.79,113.54,174,0.58,91.21
,,남,"1,555",0.79,,123,1.21,,57,0.84,,132,1.60,,94,1.02,,83,0.83,,45,0.71,,112,1.01,,52,0.67,,45,0.89,,27,0.44,,105,1.01,,49,0.92,,59,0.83,,32,0.46,,49,0.66,,49,0.68,,25,0.28,,52,0.60,,12,0.27,,48,0.64,,113,0.75,,109,0.85,,83,0.58,
,,여,"1,401",0.66,,145,1.31,,38,0.51,,90,0.99,,90,0.95,,73,0.69,,31,0.48,,88,0.86,,70,0.74,,31,0.58,,19,0.27,,110,0.97,,38,0.64,,51,0.69,,32,0.44,,43,0.52,,48,0.63,,16,0.16,,35,0.35,,15,0.27,,36,0.44,,115,0.71,,96,0.72,,91,0.58,
,7세,계,"3,399",0.83,106.88,294,1.38,98.65,122,0.85,110.34,226,1.30,135.42,224,1.20,107.41,176,0.85,95.56,91,0.71,127.50,226,1.06,179.01,125,0.73,62.34,100,0.96,100.00,66,0.50,94.12,256,1.18,111.57,72,0.64,84.62,143,0.99,107.25,72,0.50,94.59,124,0.79,85.07,115,0.77,125.49,65,0.34,160.00,112,0.60,83.61,21,0.21,133.33,112,0.71,96.49,245,0.78,97.58,228,0.87,100.00,184,0.62,111.49
,,남,"1,756",0.89,,146,1.43,,64,0.94,,130,1.57,,116,1.26,,86,0.86,,51,0.80,,145,1.31,,48,0.62,,50,0.99,,32,0.52,,135,1.30,,33,0.62,,74,1.05,,35,0.51,,57,0.77,,64,0.89,,40,0.44,,51,0.59,,12,0.27,,55,0.73,,121,0.80,,114,0.89,,97,0.68,
,,여,"1,643",0.77,,148,1.33,,58,0.78,,96,1.06,,108,1.14,,90,0.85,,40,0.63,,81,0.79,,77,0.82,,50,0.93,,34,0.48,,121,1.07,,39,0.66,,69,0.94,,37,0.50,,67,0.82,,51,0.67,,25,0.25,,61,0.62,,9,0.16,,57,0.70,,124,0.76,,114,0.86,,87,0.56,
,8세,계,"3,897",0.95,105.65,318,1.49,83.82,127,0.89,76.39,293,1.69,92.76,283,1.51,119.38,214,1.04,122.92,116,0.91,107.14,280,1.32,137.29,165,0.96,60.19,114,1.10,100.00,58,0.44,81.25,271,1.25,102.24,94,0.84,95.83,148,1.03,117.65,87,0.61,135.14,100,0.64,108.33,120,0.81,106.90,74,0.39,94.74,109,0.59,127.08,35,0.35,75.00,139,0.88,95.77,315,1.00,126.62,206,0.79,112.37,231,0.77,128.71
,,남,"2,002",1.02,,145,1.42,,55,0.81,,141,1.70,,154,1.67,,118,1.17,,60,0.94,,162,1.46,,62,0.80,,57,1.13,,26,0.43,,137,1.32,,46,0.87,,80,1.13,,50,0.72,,52,0.70,,62,0.86,,36,0.40,,61,0.71,,15,0.33,,68,0.90,,176,1.16,,109,0.85,,130,0.91,
,,여,"1,895",0.89,,173,1.56,,72,0.96,,152,1.68,,129,1.36,,96,0.91,,56,0.88,,118,1.16,,103,1.10,,57,1.07,,32,0.45,,134,1.18,,48,0.81,,68,0.93,,37,0.50,,48,0.59,,58,0.76,,38,0.38,,48,0.48,,20,0.36,,71,0.87,,139,0.85,,97,0.73,,101,0.65,
,9세,계,"4,264",1.04,111.30,334,1.57,96.47,157,1.10,103.90,294,1.70,90.91,366,1.95,128.75,198,0.96,104.12,107,0.84,122.92,294,1.38,145.00,175,1.02,88.17,123,1.18,108.47,73,0.55,143.33,305,1.40,84.85,91,0.81,121.95,128,0.89,113.33,92,0.64,104.44,133,0.85,137.50,127,0.86,122.81,97,0.51,115.56,138,0.74,119.05,22,0.22,69.23,169,1.08,106.10,325,1.03,130.50,279,1.07,97.87,237,0.79,134.65
,,남,"2,246",1.14,,164,1.61,,80,1.18,,140,1.69,,206,2.23,,101,1.01,,59,0.93,,174,1.57,,82,1.06,,64,1.27,,43,0.70,,140,1.34,,50,0.94,,68,0.96,,47,0.68,,77,1.03,,70,0.97,,52,0.57,,75,0.87,,9,0.20,,87,1.15,,184,1.22,,138,1.08,,136,0.95,
,,여,"2,018",0.95,,170,1.53,,77,1.03,,154,1.70,,160,1.68,,97,0.92,,48,0.75,,120,1.18,,93,0.99,,59,1.10,,30,0.42,,165,1.46,,41,0.69,,60,0.82,,45,0.61,,56,0.68,,57,0.75,,45,0.45,,63,0.64,,13,0.24,,82,1.00,,141,0.86,,141,1.06,,101,0.65,
,10세,계,"4,424",1.08,103.68,353,1.66,102.87,159,1.11,106.49,280,1.62,89.19,415,2.21,88.64,192,0.93,108.70,125,0.98,111.86,363,1.71,155.63,159,0.93,67.37,123,1.18,92.19,80,0.60,105.13,356,1.64,110.65,80,0.71,86.05,125,0.87,92.31,81,0.57,113.16,123,0.79,105.00,121,0.81,83.33,92,0.48,113.95,127,0.68,73.97,37,0.37,105.56,162,1.03,82.02,375,1.19,132.92,250,0.96,117.39,246,0.82,101.64
,,남,"2,252",1.14,,179,1.76,,82,1.21,,132,1.60,,195,2.11,,100,1.00,,66,1.04,,221,2.00,,64,0.83,,59,1.17,,41,0.67,,187,1.80,,37,0.70,,60,0.85,,43,0.62,,63,0.85,,55,0.76,,49,0.54,,54,0.63,,19,0.42,,73,0.97,,214,1.42,,135,1.05,,124,0.87,
,,여,"2,172",1.02,,174,1.57,,77,1.03,,148,1.63,,220,2.31,,92,0.87,,59,0.92,,142,1.39,,95,1.01,,64,1.20,,39,0.55,,169,1.49,,43,0.72,,65,0.88,,38,0.52,,60,0.73,,66,0.86,,43,0.43,,73,0.74,,18,0.33,,89,1.09,,161,0.99,,115,0.87,,122,0.78,
,11세,계,"4,546",1.11,109.69,319,1.50,107.14,122,0.85,110.34,270,1.56,98.53,455,2.43,99.56,194,0.94,122.99,129,1.01,108.06,349,1.64,144.06,200,1.17,76.99,136,1.31,100.00,102,0.77,108.16,352,1.62,110.78,101,0.90,90.57,146,1.01,102.78,99,0.69,120.00,121,0.77,89.06,103,0.69,119.15,97,0.51,130.95,152,0.82,114.08,35,0.35,150.00,157,1.00,112.16,385,1.23,112.71,250,0.96,100.00,272,0.91,136.52
,,남,"2,378",1.21,,165,1.62,,64,0.94,,134,1.62,,227,2.46,,107,1.07,,67,1.05,,206,1.86,,87,1.13,,68,1.35,,53,0.87,,185,1.78,,48,0.90,,74,1.05,,54,0.78,,57,0.77,,56,0.78,,55,0.61,,81,0.94,,21,0.47,,83,1.10,,204,1.35,,125,0.98,,157,1.10,
,,여,"2,168",1.02,,154,1.39,,58,0.78,,136,1.50,,228,2.40,,87,0.82,,62,0.97,,143,1.40,,113,1.20,,68,1.27,,49,0.69,,167,1.47,,53,0.89,,72,0.98,,45,0.61,,64,0.78,,47,0.62,,42,0.42,,71,0.72,,14,0.25,,74,0.90,,181,1.11,,125,0.94,,115,0.74,
,12세,계,"5,011",1.22,104.87,317,1.49,105.84,174,1.22,100.00,261,1.51,72.85,512,2.73,108.13,193,0.94,112.09,145,1.14,116.42,524,2.46,162.00,218,1.27,63.91,132,1.27,100.00,98,0.74,84.91,372,1.71,94.76,103,0.91,94.34,123,0.85,80.88,97,0.68,110.87,133,0.85,111.11,114,0.77,137.50,119,0.63,128.85,175,0.94,103.49,40,0.40,100.00,181,1.15,92.55,431,1.37,114.43,252,0.97,100.00,297,0.99,98.00
,,남,"2,565",1.30,,163,1.60,,87,1.28,,110,1.33,,266,2.88,,102,1.02,,78,1.23,,324,2.93,,85,1.10,,66,1.31,,45,0.74,,181,1.74,,50,0.94,,55,0.78,,51,0.74,,70,0.94,,66,0.92,,67,0.74,,89,1.03,,20,0.45,,87,1.15,,230,1.52,,126,0.98,,147,1.03,
,,여,"2,446",1.15,,154,1.39,,87,1.16,,151,1.67,,246,2.59,,91,0.86,,67,1.05,,200,1.96,,133,1.41,,66,1.23,,53,0.74,,191,1.69,,53,0.89,,68,0.93,,46,0.63,,63,0.77,,48,0.63,,52,0.52,,86,0.87,,20,0.36,,94,1.15,,201,1.23,,126,0.95,,150,0.96,
,13세,계,"4,948",1.21,103.45,324,1.52,100.00,162,1.14,105.06,230,1.33,91.67,539,2.88,116.47,204,0.99,96.15,167,1.31,87.64,460,2.16,202.63,214,1.25,76.86,134,1.29,94.20,111,0.84,63.24,336,1.55,85.64,86,0.76,86.96,128,0.89,120.69,89,0.62,89.36,110,0.70,86.44,121,0.81,75.36,131,0.69,133.93,138,0.74,94.37,45,0.45,60.71,146,0.93,94.67,452,1.44,91.53,291,1.12,107.86,330,1.10,115.69
,,남,"2,516",1.28,,162,1.59,,83,1.22,,110,1.33,,290,3.14,,100,1.00,,78,1.23,,308,2.79,,93,1.21,,65,1.29,,43,0.70,,155,1.49,,40,0.75,,70,0.99,,42,0.61,,51,0.69,,52,0.72,,75,0.83,,67,0.78,,17,0.38,,71,0.94,,216,1.43,,151,1.18,,177,1.24,
,,여,"2,432",1.14,,162,1.46,,79,1.06,,120,1.32,,249,2.62,,104,0.98,,89,1.39,,152,1.49,,121,1.29,,69,1.29,,68,0.95,,181,1.60,,46,0.77,,58,0.79,,47,0.64,,59,0.72,,69,0.90,,56,0.56,,71,0.72,,28,0.51,,75,0.92,,236,1.45,,140,1.05,,153,0.98,
,14세,계,"5,043",1.23,106.85,318,1.49,107.84,174,1.22,93.33,238,1.37,66.43,493,2.63,127.19,225,1.09,102.70,170,1.33,126.67,459,2.16,157.87,237,1.38,76.87,155,1.49,98.72,118,0.89,90.32,356,1.64,88.36,96,0.85,108.70,123,0.85,115.79,91,0.64,97.83,119,0.76,105.17,126,0.85,125.00,138,0.72,130.00,168,0.91,102.41,39,0.39,129.41,152,0.97,114.08,445,1.42,90.99,277,1.06,108.27,326,1.09,120.27
,,남,"2,605",1.32,,165,1.62,,84,1.23,,95,1.15,,276,2.99,,114,1.14,,95,1.50,,281,2.54,,103,1.34,,77,1.53,,56,0.92,,167,1.60,,50,0.94,,66,0.93,,45,0.65,,61,0.82,,70,0.97,,78,0.86,,85,0.98,,22,0.49,,81,1.07,,212,1.40,,144,1.12,,178,1.25,
,,여,"2,438",1.15,,153,1.38,,90,1.21,,143,1.58,,217,2.28,,111,1.05,,75,1.17,,178,1.74,,134,1.43,,78,1.46,,62,0.87,,189,1.67,,46,0.77,,57,0.78,,46,0.63,,58,0.71,,56,0.73,,60,0.60,,83,0.84,,17,0.31,,71,0.87,,233,1.43,,133,1.00,,148,0.95,
,15세,계,"4,520",1.10,109.45,283,1.33,99.30,177,1.24,90.32,189,1.09,76.64,386,2.06,116.85,211,1.02,97.20,167,1.31,145.59,383,1.80,183.70,170,0.99,86.81,135,1.30,117.74,96,0.73,84.62,317,1.46,104.52,81,0.72,80.00,97,0.67,148.72,124,0.87,93.75,109,0.70,122.45,100,0.67,100.00,107,0.56,118.37,162,0.87,118.92,59,0.59,103.45,160,1.02,105.13,404,1.29,116.04,274,1.05,100.00,329,1.10,97.01
,,남,"2,362",1.20,,141,1.38,,84,1.23,,82,0.99,,208,2.25,,104,1.04,,99,1.56,,248,2.24,,79,1.02,,73,1.45,,44,0.72,,162,1.56,,36,0.68,,58,0.82,,60,0.87,,60,0.81,,50,0.69,,58,0.64,,88,1.02,,30,0.67,,82,1.09,,217,1.44,,137,1.07,,162,1.13,
,,여,"2,158",1.01,,142,1.28,,93,1.25,,107,1.18,,178,1.87,,107,1.01,,68,1.06,,135,1.32,,91,0.97,,62,1.16,,52,0.73,,155,1.37,,45,0.76,,39,0.53,,64,0.87,,49,0.60,,50,0.65,,49,0.49,,74,0.75,,29,0.52,,78,0.95,,187,1.15,,137,1.03,,167,1.07,
,16세,계,"4,700",1.15,114.32,288,1.35,95.92,139,0.97,87.84,199,1.15,93.20,392,2.09,136.14,221,1.07,118.81,170,1.33,126.67,395,1.86,145.34,204,1.19,77.39,147,1.42,107.04,130,0.98,94.03,326,1.50,118.79,78,0.69,90.24,121,0.84,108.62,114,0.80,123.53,101,0.65,106.12,129,0.87,101.56,132,0.69,116.39,150,0.81,102.70,45,0.45,87.50,184,1.17,127.16,441,1.40,121.61,250,0.96,117.39,344,1.15,134.01
,,남,"2,507",1.27,,141,1.38,,65,0.96,,96,1.16,,226,2.45,,120,1.19,,95,1.50,,234,2.12,,89,1.15,,76,1.51,,63,1.03,,177,1.70,,37,0.70,,63,0.89,,63,0.91,,52,0.70,,65,0.90,,71,0.78,,76,0.88,,21,0.47,,103,1.37,,242,1.60,,135,1.05,,197,1.38,
,,여,"2,193",1.03,,147,1.32,,74,0.99,,103,1.14,,166,1.75,,101,0.95,,75,1.17,,161,1.58,,115,1.22,,71,1.33,,67,0.94,,149,1.32,,41,0.69,,58,0.79,,51,0.69,,49,0.60,,64,0.84,,61,0.61,,74,0.75,,24,0.43,,81,0.99,,199,1.22,,115,0.87,,147,0.94,
,17세,계,"5,155",1.26,105.05,313,1.47,77.84,181,1.27,75.73,247,1.43,87.12,393,2.10,118.33,227,1.10,99.12,180,1.41,122.22,412,1.94,180.27,212,1.24,75.21,171,1.65,111.11,138,1.04,89.04,349,1.61,110.24,88,0.78,76.00,110,0.76,139.13,134,0.94,88.73,107,0.68,143.18,126,0.85,85.29,154,0.81,123.19,187,1.01,78.10,56,0.56,143.48,182,1.16,111.63,517,1.65,92.91,303,1.16,116.43,368,1.23,116.47
,,남,"2,641",1.34,,137,1.35,,78,1.15,,115,1.39,,213,2.31,,113,1.13,,99,1.56,,265,2.40,,91,1.18,,90,1.79,,65,1.07,,183,1.76,,38,0.71,,64,0.90,,63,0.91,,63,0.85,,58,0.80,,85,0.94,,82,0.95,,33,0.74,,96,1.27,,249,1.65,,163,1.27,,198,1.39,
,,여,"2,514",1.18,,176,1.58,,103,1.38,,132,1.46,,180,1.89,,114,1.08,,81,1.27,,147,1.44,,121,1.29,,81,1.51,,73,1.02,,166,1.47,,50,0.84,,46,0.63,,71,0.97,,44,0.54,,68,0.89,,69,0.69,,105,1.06,,23,0.42,,86,1.05,,268,1.64,,140,1.05,,170,1.09,
,18세,계,"4,613",1.13,107.70,264,1.24,92.70,147,1.03,126.15,177,1.02,84.38,329,1.76,95.83,201,0.97,120.88,149,1.17,136.51,368,1.73,152.05,178,1.04,72.82,144,1.39,84.62,134,1.01,94.20,343,1.58,102.96,82,0.73,86.36,102,0.71,108.16,112,0.78,103.64,116,0.74,152.17,115,0.77,105.36,174,0.91,114.81,165,0.89,94.12,62,0.62,72.22,170,1.08,112.50,442,1.41,104.63,293,1.12,125.38,346,1.16,118.99
,,남,"2,392",1.21,,127,1.25,,82,1.21,,81,0.98,,161,1.75,,110,1.10,,86,1.35,,222,2.01,,75,0.97,,66,1.31,,65,1.07,,174,1.67,,38,0.71,,53,0.75,,57,0.82,,70,0.94,,59,0.82,,93,1.03,,80,0.93,,26,0.58,,90,1.19,,226,1.49,,163,1.27,,188,1.32,
,,여,"2,221",1.04,,137,1.23,,65,0.87,,96,1.06,,168,1.77,,91,0.86,,63,0.99,,146,1.43,,103,1.10,,78,1.46,,69,0.97,,169,1.49,,44,0.74,,49,0.67,,55,0.75,,46,0.56,,56,0.73,,81,0.81,,85,0.86,,36,0.65,,80,0.98,,216,1.32,,130,0.98,,158,1.01,
,19세,계,"4,202",1.03,117.49,236,1.11,103.45,158,1.11,110.67,175,1.01,118.75,275,1.47,120.00,212,1.03,116.33,154,1.21,120.00,260,1.22,205.88,177,1.03,113.25,146,1.41,128.13,132,1.00,112.90,293,1.35,118.66,91,0.81,116.67,93,0.64,121.43,95,0.67,137.50,88,0.56,158.82,111,0.75,101.82,130,0.68,145.28,164,0.88,80.22,50,0.50,92.31,137,0.87,107.58,401,1.28,112.17,267,1.02,118.85,357,1.19,98.33
,,남,"2,270",1.15,,120,1.18,,83,1.22,,95,1.15,,150,1.63,,114,1.14,,84,1.32,,175,1.58,,94,1.22,,82,1.63,,70,1.15,,159,1.53,,49,0.92,,51,0.72,,55,0.80,,54,0.73,,56,0.78,,77,0.85,,73,0.85,,24,0.54,,71,0.94,,212,1.40,,145,1.13,,177,1.24,
,,여,"1,932",0.91,,116,1.04,,75,1.00,,80,0.88,,125,1.31,,98,0.93,,70,1.09,,85,0.83,,83,0.88,,64,1.20,,62,0.87,,134,1.18,,42,0.71,,42,0.57,,40,0.54,,34,0.41,,55,0.72,,53,0.53,,91,0.92,,26,0.47,,66,0.81,,189,1.16,,122,0.92,,180,1.15,
,20세,계,"4,081",1.00,119.76,192,0.90,97.94,138,0.97,137.93,182,1.05,95.70,220,1.17,113.59,196,0.95,141.98,134,1.05,139.29,273,1.28,190.43,157,0.92,112.16,120,1.16,110.53,122,0.92,125.93,253,1.16,114.41,90,0.80,125.00,91,0.63,102.22,115,0.81,144.68,105,0.67,176.32,119,0.80,116.36,145,0.76,133.87,154,0.83,110.96,57,0.57,90.00,165,1.05,122.97,398,1.27,92.27,315,1.21,129.93,340,1.14,107.32
,,남,"2,224",1.13,,95,0.93,,80,1.18,,89,1.08,,117,1.27,,115,1.14,,78,1.23,,179,1.62,,83,1.08,,63,1.25,,68,1.11,,135,1.30,,50,0.94,,46,0.65,,68,0.98,,67,0.90,,64,0.89,,83,0.92,,81,0.94,,27,0.60,,91,1.21,,191,1.26,,178,1.39,,176,1.23,
,,여,"1,857",0.87,,97,0.87,,58,0.78,,93,1.03,,103,1.08,,81,0.76,,56,0.88,,94,0.92,,74,0.79,,57,1.07,,54,0.76,,118,1.04,,40,0.67,,45,0.61,,47,0.64,,38,0.46,,55,0.72,,62,0.62,,73,0.74,,30,0.54,,74,0.90,,207,1.27,,137,1.03,,164,1.05,
,21세,계,"4,465",1.09,120.17,219,1.03,99.09,149,1.04,122.39,205,1.18,107.07,226,1.21,123.76,206,1.00,119.15,158,1.24,122.54,289,1.36,149.14,202,1.18,100.00,131,1.26,125.86,154,1.16,136.92,274,1.26,102.96,91,0.81,82.00,112,0.78,154.55,124,0.87,143.14,100,0.64,122.22,147,0.99,119.40,200,1.05,138.10,196,1.06,136.14,69,0.69,137.93,148,0.94,108.45,423,1.35,112.56,285,1.09,128.00,357,1.19,119.02
,,남,"2,437",1.24,,109,1.07,,82,1.21,,106,1.28,,125,1.36,,112,1.12,,87,1.37,,173,1.56,,101,1.31,,73,1.45,,89,1.46,,139,1.33,,41,0.77,,68,0.96,,73,1.06,,55,0.74,,80,1.11,,116,1.28,,113,1.31,,40,0.89,,77,1.02,,224,1.48,,160,1.25,,194,1.36,
,,여,"2,028",0.95,,110,0.99,,67,0.90,,99,1.09,,101,1.06,,94,0.89,,71,1.11,,116,1.14,,101,1.07,,58,1.08,,65,0.91,,135,1.19,,50,0.84,,44,0.60,,51,0.69,,45,0.55,,67,0.88,,84,0.84,,83,0.84,,29,0.52,,71,0.87,,199,1.22,,125,0.94,,163,1.05,
,22세,계,"4,183",1.02,116.74,219,1.03,116.83,151,1.06,101.33,174,1.00,123.08,200,1.07,153.16,201,0.97,95.15,131,1.03,125.86,202,0.95,215.63,179,1.05,108.14,105,1.01,84.21,152,1.15,111.11,253,1.16,143.27,110,0.98,74.60,98,0.68,122.73,141,0.99,76.25,106,0.68,92.73,164,1.10,74.47,178,0.94,134.21,179,0.97,98.89,64,0.64,146.15,157,1.00,141.54,361,1.15,120.12,275,1.05,127.27,383,1.28,118.86
,,남,"2,253",1.14,,118,1.16,,76,1.12,,96,1.16,,121,1.31,,98,0.98,,73,1.15,,138,1.25,,93,1.21,,48,0.95,,80,1.31,,149,1.43,,47,0.88,,54,0.76,,61,0.88,,51,0.69,,70,0.97,,102,1.13,,89,1.03,,38,0.85,,92,1.22,,197,1.30,,154,1.20,,208,1.46,
,,여,"1,930",0.91,,101,0.91,,75,1.00,,78,0.86,,79,0.83,,103,0.97,,58,0.91,,64,0.63,,86,0.91,,57,1.07,,72,1.01,,104,0.92,,63,1.06,,44,0.60,,80,1.09,,55,0.67,,94,1.23,,76,0.76,,90,0.91,,26,0.47,,65,0.79,,164,1.01,,121,0.91,,175,1.12,
,23세,계,"4,341",1.06,113.63,204,0.96,101.98,161,1.13,82.95,179,1.03,96.70,184,0.98,121.69,226,1.10,121.57,162,1.27,110.39,212,1.00,178.95,185,1.08,94.74,122,1.17,96.77,176,1.33,93.41,241,1.11,121.10,124,1.10,93.75,140,0.97,97.18,126,0.88,137.74,106,0.68,100.00,166,1.12,100.00,217,1.14,123.71,167,0.90,106.17,72,0.72,125.00,148,0.94,127.69,371,1.18,108.43,286,1.10,142.37,366,1.22,125.93
,,남,"2,309",1.17,,103,1.01,,73,1.07,,88,1.06,,101,1.09,,124,1.23,,85,1.34,,136,1.23,,90,1.17,,60,1.19,,85,1.39,,132,1.27,,60,1.13,,69,0.97,,73,1.06,,53,0.71,,83,1.15,,120,1.33,,86,1.00,,40,0.89,,83,1.10,,193,1.28,,168,1.31,,204,1.43,
,,여,"2,032",0.95,,101,0.91,,88,1.18,,91,1.00,,83,0.87,,102,0.96,,77,1.20,,76,0.74,,95,1.01,,62,1.16,,91,1.28,,109,0.96,,64,1.08,,71,0.97,,53,0.72,,53,0.65,,83,1.09,,97,0.97,,81,0.82,,32,0.58,,65,0.79,,178,1.09,,118,0.89,,162,1.04,
,24세,계,"4,910",1.20,120.77,196,0.92,117.78,227,1.59,102.68,185,1.07,92.71,186,0.99,129.63,227,1.10,149.45,187,1.47,98.94,261,1.23,180.65,186,1.09,87.88,118,1.14,145.83,194,1.47,122.99,251,1.15,124.11,129,1.15,69.74,170,1.18,117.95,141,0.99,83.12,128,0.82,109.84,190,1.28,88.12,262,1.38,140.37,221,1.19,151.14,86,0.86,152.94,189,1.20,125.00,418,1.33,125.95,344,1.32,124.84,414,1.39,136.57
,,남,"2,686",1.36,,106,1.04,,115,1.69,,89,1.08,,105,1.14,,136,1.35,,93,1.46,,168,1.52,,87,1.13,,70,1.39,,107,1.75,,139,1.33,,53,1.00,,92,1.30,,64,0.93,,67,0.90,,89,1.23,,153,1.69,,133,1.54,,52,1.16,,105,1.39,,233,1.54,,191,1.49,,239,1.67,
,,여,"2,224",1.05,,90,0.81,,112,1.50,,96,1.06,,81,0.85,,91,0.86,,94,1.47,,93,0.91,,99,1.05,,48,0.90,,87,1.22,,112,0.99,,76,1.28,,78,1.06,,77,1.05,,61,0.74,,101,1.32,,109,1.09,,88,0.89,,34,0.62,,84,1.03,,185,1.13,,153,1.15,,175,1.12,
,25세,계,"4,708",1.15,115.96,207,0.97,97.14,210,1.47,82.61,186,1.07,135.44,155,0.83,112.33,239,1.16,184.52,164,1.29,110.26,210,0.99,159.26,189,1.10,112.36,119,1.15,108.77,164,1.24,127.78,219,1.01,116.83,157,1.39,109.33,167,1.16,89.77,142,1.00,111.94,142,0.91,84.42,226,1.52,79.37,246,1.29,119.64,202,1.09,90.57,92,0.92,142.11,161,1.02,93.98,377,1.20,144.81,321,1.23,165.29,413,1.38,107.54
,,남,"2,528",1.28,,102,1.00,,95,1.40,,107,1.29,,82,0.89,,155,1.54,,86,1.35,,129,1.17,,100,1.30,,62,1.23,,92,1.51,,118,1.13,,82,1.54,,79,1.12,,75,1.08,,65,0.87,,100,1.39,,134,1.48,,96,1.11,,54,1.20,,78,1.03,,223,1.47,,200,1.56,,214,1.50,
,,여,"2,180",1.02,,105,0.95,,115,1.54,,79,0.87,,73,0.77,,84,0.79,,78,1.22,,81,0.79,,89,0.95,,57,1.07,,72,1.01,,101,0.89,,75,1.26,,88,1.20,,67,0.91,,77,0.94,,126,1.65,,112,1.12,,106,1.07,,38,0.69,,83,1.01,,154,0.94,,121,0.91,,199,1.28,
,26세,계,"4,371",1.07,113.22,195,0.92,111.96,199,1.39,123.60,169,0.98,70.71,147,0.78,140.98,205,0.99,141.18,162,1.27,125.00,192,0.90,170.42,154,0.90,108.11,78,0.75,110.81,149,1.13,88.61,210,0.97,128.26,160,1.42,83.91,156,1.08,97.47,157,1.10,103.90,112,0.72,103.64,253,1.70,102.40,231,1.21,100.87,182,0.98,119.28,71,0.71,129.03,175,1.11,139.73,331,1.05,113.55,292,1.12,102.78,391,1.31,123.43
,,남,"2,321",1.18,,103,1.01,,110,1.62,,70,0.85,,86,0.93,,120,1.19,,90,1.42,,121,1.09,,80,1.04,,41,0.81,,70,1.15,,118,1.13,,73,1.37,,77,1.09,,80,1.16,,57,0.77,,128,1.78,,116,1.28,,99,1.15,,40,0.89,,102,1.35,,176,1.16,,148,1.16,,216,1.51,
,,여,"2,050",0.96,,92,0.83,,89,1.19,,99,1.09,,61,0.64,,85,0.80,,72,1.13,,71,0.70,,74,0.79,,37,0.69,,79,1.11,,92,0.81,,87,1.46,,79,1.07,,77,1.05,,55,0.67,,125,1.64,,115,1.15,,83,0.84,,31,0.56,,73,0.89,,155,0.95,,144,1.09,,175,1.12,
,27세,계,"4,370",1.07,102.31,199,0.93,93.20,234,1.64,78.63,184,1.06,127.16,126,0.67,93.85,209,1.01,122.34,169,1.33,128.38,189,0.89,139.24,145,0.85,101.39,83,0.80,102.44,150,1.13,97.37,149,0.69,129.23,156,1.39,79.31,156,1.08,75.28,182,1.28,93.62,126,0.81,100.00,231,1.56,80.47,253,1.33,118.10,225,1.21,85.95,90,0.90,104.55,139,0.88,104.41,326,1.04,111.69,293,1.12,113.87,356,1.19,100.00
,,남,"2,210",1.12,,96,0.94,,103,1.51,,103,1.24,,61,0.66,,115,1.14,,95,1.50,,110,0.99,,73,0.95,,42,0.83,,74,1.21,,84,0.81,,69,1.30,,67,0.95,,88,1.27,,63,0.85,,103,1.43,,137,1.51,,104,1.20,,46,1.03,,71,0.94,,172,1.14,,156,1.22,,178,1.25,
,,여,"2,160",1.01,,103,0.93,,131,1.75,,81,0.89,,65,0.68,,94,0.89,,74,1.16,,79,0.77,,72,0.77,,41,0.77,,76,1.07,,65,0.57,,87,1.46,,89,1.21,,94,1.28,,63,0.77,,128,1.68,,116,1.16,,121,1.22,,44,0.80,,68,0.83,,154,0.94,,137,1.03,,178,1.14,
,28세,계,"4,413",1.08,102.34,170,0.80,97.67,210,1.47,75.00,203,1.17,76.52,118,0.63,114.55,220,1.07,89.66,139,1.09,120.63,181,0.85,110.47,161,0.94,75.00,72,0.69,105.71,134,1.01,116.13,175,0.80,136.49,206,1.83,87.27,165,1.14,96.43,184,1.29,85.86,152,0.97,94.87,228,1.54,94.87,290,1.52,113.24,211,1.14,106.86,80,0.80,128.57,159,1.01,117.81,325,1.03,122.60,300,1.15,115.83,330,1.10,108.86
,,남,"2,232",1.13,,84,0.82,,90,1.32,,88,1.06,,63,0.68,,104,1.04,,76,1.20,,95,0.86,,69,0.89,,37,0.73,,72,1.18,,101,0.97,,96,1.81,,81,1.14,,85,1.23,,74,0.99,,111,1.54,,154,1.70,,109,1.26,,45,1.00,,86,1.14,,179,1.18,,161,1.26,,172,1.20,
,,여,"2,181",1.02,,86,0.77,,120,1.61,,115,1.27,,55,0.58,,116,1.10,,63,0.99,,86,0.84,,92,0.98,,35,0.65,,62,0.87,,74,0.65,,110,1.85,,84,1.14,,99,1.35,,78,0.95,,117,1.53,,136,1.36,,102,1.03,,35,0.63,,73,0.89,,146,0.90,,139,1.05,,158,1.01,
,29세,계,"4,431",1.08,106.57,203,0.95,99.02,219,1.53,85.59,182,1.05,83.84,98,0.52,145.00,234,1.13,127.18,160,1.26,175.86,160,0.75,110.53,154,0.90,113.89,87,0.84,117.50,143,1.08,120.00,147,0.68,101.37,169,1.50,96.51,178,1.23,93.48,182,1.28,114.12,179,1.14,123.75,241,1.62,145.92,258,1.36,103.15,216,1.16,75.61,79,0.79,113.51,150,0.95,114.29,337,1.07,90.40,313,1.20,111.49,342,1.14,94.32
,,남,"2,286",1.16,,101,0.99,,101,1.48,,83,1.00,,58,0.63,,131,1.30,,102,1.61,,84,0.76,,82,1.06,,47,0.93,,78,1.28,,74,0.71,,83,1.56,,86,1.22,,97,1.40,,99,1.33,,143,1.98,,131,1.45,,93,1.08,,42,0.94,,80,1.06,,160,1.06,,165,1.29,,166,1.16,
,,여,"2,145",1.01,,102,0.92,,118,1.58,,99,1.09,,40,0.42,,103,0.97,,58,0.91,,76,0.74,,72,0.77,,40,0.75,,65,0.91,,73,0.64,,86,1.45,,92,1.25,,85,1.16,,80,0.98,,98,1.28,,127,1.27,,123,1.24,,37,0.67,,70,0.86,,177,1.09,,148,1.12,,176,1.13,
,30세,계,"4,220",1.03,112.59,193,0.91,129.76,205,1.44,99.03,176,1.02,89.25,82,0.44,127.78,217,1.05,90.35,150,1.18,127.27,134,0.63,143.64,165,0.96,111.54,76,0.73,105.41,137,1.04,117.46,170,0.78,139.44,152,1.35,97.40,178,1.23,102.27,165,1.16,111.54,179,1.14,98.89,230,1.55,98.28,248,1.30,125.45,212,1.14,120.83,83,0.83,118.42,134,0.85,100.00,305,0.97,98.05,309,1.18,128.89,320,1.07,135.29
,,남,"2,235",1.13,,109,1.07,,102,1.50,,83,1.00,,46,0.50,,103,1.03,,84,1.32,,79,0.71,,87,1.13,,39,0.77,,74,1.21,,99,0.95,,75,1.41,,90,1.27,,87,1.26,,89,1.20,,114,1.58,,138,1.53,,116,1.34,,45,1.00,,67,0.89,,151,1.00,,174,1.36,,184,1.29,
,,여,"1,985",0.93,,84,0.76,,103,1.38,,93,1.03,,36,0.38,,114,1.08,,66,1.03,,55,0.54,,78,0.83,,37,0.69,,63,0.88,,71,0.63,,77,1.30,,88,1.20,,78,1.06,,90,1.10,,116,1.52,,110,1.10,,96,0.97,,38,0.69,,67,0.82,,154,0.94,,135,1.02,,136,0.87,
,31세,계,"4,339",1.06,107.41,221,1.04,79.67,185,1.30,107.87,209,1.21,102.91,75,0.40,134.38,218,1.06,144.94,135,1.06,136.84,145,0.68,90.79,168,0.98,112.66,70,0.67,84.21,152,1.15,102.67,120,0.55,114.29,163,1.45,103.75,209,1.45,100.96,179,1.25,135.53,193,1.23,85.58,263,1.77,94.81,243,1.28,92.86,241,1.30,125.23,87,0.87,123.08,139,0.88,124.19,289,0.92,103.52,325,1.25,127.27,310,1.04,97.45
,,남,"2,247",1.14,,98,0.96,,96,1.41,,106,1.28,,43,0.47,,129,1.28,,78,1.23,,69,0.62,,89,1.15,,32,0.64,,77,1.26,,64,0.61,,83,1.56,,105,1.48,,103,1.49,,89,1.20,,128,1.78,,117,1.29,,134,1.55,,48,1.07,,77,1.02,,147,0.97,,182,1.42,,153,1.07,
,,여,"2,092",0.98,,123,1.11,,89,1.19,,103,1.14,,32,0.34,,89,0.84,,57,0.89,,76,0.74,,79,0.84,,38,0.71,,75,1.05,,56,0.49,,80,1.35,,104,1.42,,76,1.03,,104,1.27,,135,1.77,,126,1.26,,107,1.08,,39,0.71,,62,0.76,,142,0.87,,143,1.08,,157,1.01,
,32세,계,"4,351",1.06,113.08,198,0.93,83.33,206,1.44,128.89,219,1.26,85.59,73,0.39,160.71,204,0.99,134.48,144,1.13,136.07,145,0.68,126.56,146,0.85,139.34,67,0.65,116.13,149,1.13,96.05,136,0.63,100.00,177,1.57,92.39,227,1.57,84.55,150,1.05,154.24,228,1.46,105.41,226,1.52,123.76,224,1.18,133.33,213,1.15,131.52,84,0.84,121.05,174,1.11,117.50,313,1.00,120.42,326,1.25,98.78,322,1.08,111.84
,,남,"2,309",1.17,,90,0.88,,116,1.71,,101,1.22,,45,0.49,,117,1.16,,83,1.31,,81,0.73,,85,1.10,,36,0.71,,73,1.20,,68,0.65,,85,1.60,,104,1.47,,91,1.32,,117,1.57,,125,1.73,,128,1.41,,121,1.40,,46,1.03,,94,1.25,,171,1.13,,162,1.26,,170,1.19,
,,여,"2,042",0.96,,108,0.97,,90,1.21,,118,1.30,,28,0.29,,87,0.82,,61,0.95,,64,0.63,,61,0.65,,31,0.58,,76,1.07,,68,0.60,,92,1.55,,123,1.67,,59,0.80,,111,1.35,,101,1.32,,96,0.96,,92,0.93,,38,0.69,,80,0.98,,142,0.87,,164,1.24,,152,0.97,
,33세,계,"4,371",1.07,107.85,244,1.15,98.37,179,1.25,84.54,221,1.28,66.17,98,0.52,92.16,183,0.89,117.86,141,1.11,113.64,134,0.63,106.15,151,0.88,81.93,75,0.72,150.00,150,1.13,100.00,157,0.72,96.25,181,1.61,105.68,233,1.62,119.81,164,1.15,168.85,217,1.39,102.80,247,1.66,104.13,211,1.11,154.22,203,1.09,100.99,73,0.73,135.48,158,1.01,132.35,333,1.06,113.46,305,1.17,108.90,313,1.05,111.49
,,남,"2,268",1.15,,121,1.19,,82,1.21,,88,1.06,,47,0.51,,99,0.99,,75,1.18,,69,0.62,,68,0.88,,45,0.89,,75,1.23,,77,0.74,,93,1.75,,127,1.79,,103,1.49,,110,1.48,,126,1.75,,128,1.41,,102,1.18,,42,0.94,,90,1.19,,177,1.17,,159,1.24,,165,1.15,
,,여,"2,103",0.99,,123,1.11,,97,1.30,,133,1.47,,51,0.54,,84,0.79,,66,1.03,,65,0.64,,83,0.88,,30,0.56,,75,1.05,,80,0.71,,88,1.48,,106,1.44,,61,0.83,,107,1.30,,121,1.58,,83,0.83,,101,1.02,,31,0.56,,68,0.83,,156,0.96,,146,1.10,,148,0.95,
,34세,계,"3,907",0.95,101.60,204,0.96,70.00,159,1.11,91.57,208,1.20,89.09,87,0.46,74.00,181,0.88,110.47,123,0.97,112.07,135,0.63,90.14,136,0.79,106.06,74,0.71,105.56,105,0.79,105.88,133,0.61,92.75,153,1.36,84.34,208,1.44,105.94,146,1.02,89.61,230,1.47,119.05,211,1.42,88.39,184,0.97,148.65,195,1.05,119.10,59,0.59,96.67,159,1.01,101.27,290,0.92,92.05,263,1.01,119.17,264,0.88,125.64
,,남,"1,969",1.00,,84,0.82,,76,1.12,,98,1.18,,37,0.40,,95,0.95,,65,1.02,,64,0.58,,70,0.91,,38,0.75,,54,0.89,,64,0.61,,70,1.32,,107,1.51,,69,1.00,,125,1.68,,99,1.37,,110,1.22,,106,1.23,,29,0.65,,80,1.06,,139,0.92,,143,1.12,,147,1.03,
,,여,"1,938",0.91,,120,1.08,,83,1.11,,110,1.21,,50,0.53,,86,0.81,,58,0.91,,71,0.70,,66,0.70,,36,0.67,,51,0.72,,69,0.61,,83,1.40,,101,1.37,,77,1.05,,105,1.28,,112,1.47,,74,0.74,,89,0.90,,30,0.54,,79,0.97,,151,0.93,,120,0.90,,117,0.75,
,35세,계,"4,130",1.01,98.46,239,1.12,73.19,157,1.10,91.46,239,1.38,69.50,93,0.50,102.17,214,1.04,101.89,108,0.85,125.00,129,0.61,95.45,139,0.81,90.41,78,0.75,116.67,123,0.93,105.00,157,0.72,84.71,142,1.26,86.84,234,1.62,81.40,156,1.09,122.86,290,1.85,128.35,225,1.52,100.89,171,0.90,125.00,170,0.92,115.19,71,0.71,102.86,144,0.92,87.01,296,0.94,93.46,280,1.07,118.75,275,0.92,99.28
,,남,"2,049",1.04,,101,0.99,,75,1.10,,98,1.18,,47,0.51,,108,1.08,,60,0.94,,63,0.57,,66,0.86,,42,0.83,,63,1.03,,72,0.69,,66,1.24,,105,1.48,,86,1.24,,163,2.19,,113,1.57,,95,1.05,,91,1.05,,36,0.80,,67,0.89,,143,0.95,,152,1.19,,137,0.96,
,,여,"2,081",0.98,,138,1.24,,82,1.10,,141,1.56,,46,0.48,,106,1.00,,48,0.75,,66,0.65,,73,0.78,,36,0.67,,60,0.84,,85,0.75,,76,1.28,,129,1.76,,70,0.95,,127,1.55,,112,1.47,,76,0.76,,79,0.80,,35,0.63,,77,0.94,,153,0.94,,128,0.96,,138,0.88,
,36세,계,"3,937",0.96,100.66,235,1.10,89.52,154,1.08,87.80,225,1.30,97.37,104,0.56,73.33,175,0.85,108.33,131,1.03,107.94,160,0.75,72.04,148,0.86,102.74,67,0.65,76.32,95,0.72,86.27,160,0.74,64.95,144,1.28,94.59,204,1.41,112.50,128,0.90,146.15,210,1.34,92.66,194,1.31,110.87,181,0.95,115.48,178,0.96,122.50,64,0.64,146.15,160,1.02,88.24,276,0.88,130.00,272,1.04,106.06,272,0.91,104.51
,,남,"1,975",1.00,,111,1.09,,72,1.06,,111,1.34,,44,0.48,,91,0.91,,68,1.07,,67,0.61,,75,0.97,,29,0.58,,44,0.72,,63,0.61,,70,1.32,,108,1.53,,76,1.10,,101,1.36,,102,1.41,,97,1.07,,98,1.14,,38,0.85,,75,0.99,,156,1.03,,140,1.09,,139,0.97,
,,여,"1,962",0.92,,124,1.12,,82,1.10,,114,1.26,,60,0.63,,84,0.79,,63,0.99,,93,0.91,,73,0.78,,38,0.71,,51,0.72,,97,0.86,,74,1.25,,96,1.31,,52,0.71,,109,1.33,,92,1.20,,84,0.84,,80,0.81,,26,0.47,,85,1.04,,120,0.74,,132,0.99,,133,0.85,
,37세,계,"3,987",0.97,96.99,279,1.31,76.58,143,1.00,83.33,242,1.40,74.10,87,0.46,55.36,206,1.00,103.96,108,0.85,116.00,173,0.81,64.76,154,0.90,110.96,84,0.81,90.91,93,0.70,89.80,194,0.89,84.76,124,1.10,121.43,210,1.46,96.26,115,0.81,101.75,213,1.36,104.81,197,1.33,82.41,130,0.68,150.00,176,0.95,100.00,65,0.65,170.83,153,0.97,118.57,269,0.86,113.49,297,1.14,123.31,275,0.92,95.04
,,남,"1,963",1.00,,121,1.19,,65,0.96,,103,1.24,,31,0.34,,105,1.05,,58,0.91,,68,0.61,,81,1.05,,40,0.79,,44,0.72,,89,0.85,,68,1.28,,103,1.46,,58,0.84,,109,1.46,,89,1.23,,78,0.86,,88,1.02,,41,0.91,,83,1.10,,143,0.95,,164,1.28,,134,0.94,
,,여,"2,024",0.95,,158,1.42,,78,1.04,,139,1.53,,56,0.59,,101,0.95,,50,0.78,,105,1.03,,73,0.78,,44,0.82,,49,0.69,,105,0.93,,56,0.94,,107,1.46,,57,0.77,,104,1.27,,108,1.41,,52,0.52,,88,0.89,,24,0.43,,70,0.86,,126,0.77,,133,1.00,,141,0.90,
,38세,계,"4,306",1.05,92.92,313,1.47,86.31,173,1.21,78.35,277,1.60,95.07,156,0.83,71.43,200,0.97,80.18,137,1.07,90.28,197,0.93,82.41,146,0.85,97.30,99,0.95,57.14,103,0.78,119.15,211,0.97,102.88,129,1.15,79.17,228,1.58,96.55,131,0.92,107.94,198,1.27,96.04,194,1.31,102.08,136,0.71,119.35,195,1.05,80.56,67,0.67,86.11,161,1.02,114.67,305,0.97,100.66,306,1.17,118.57,244,0.82,82.09
,,남,"2,074",1.05,,145,1.42,,76,1.12,,135,1.63,,65,0.70,,89,0.89,,65,1.02,,89,0.80,,72,0.93,,36,0.71,,56,0.92,,107,1.03,,57,1.07,,112,1.58,,68,0.98,,97,1.30,,98,1.36,,74,0.82,,87,1.01,,31,0.69,,86,1.14,,153,1.01,,166,1.30,,110,0.77,
,,여,"2,232",1.05,,168,1.51,,97,1.30,,142,1.57,,91,0.96,,111,1.05,,72,1.13,,108,1.06,,74,0.79,,63,1.18,,47,0.66,,104,0.92,,72,1.21,,116,1.58,,63,0.86,,101,1.23,,96,1.26,,62,0.62,,108,1.09,,36,0.65,,75,0.92,,152,0.93,,140,1.05,,134,0.86,
,39세,계,"4,446",1.08,96.81,331,1.55,74.21,156,1.09,151.61,280,1.62,86.67,193,1.03,73.87,196,0.95,104.17,140,1.10,102.90,249,1.17,77.86,171,1.00,98.84,99,0.95,80.00,106,0.80,107.84,247,1.14,88.55,146,1.30,94.67,198,1.37,94.12,118,0.83,110.71,239,1.53,104.27,202,1.36,117.20,144,0.76,121.54,165,0.89,98.80,62,0.62,138.46,162,1.03,134.78,266,0.85,95.59,301,1.15,94.19,275,0.92,95.04
,,남,"2,187",1.11,,141,1.38,,94,1.38,,130,1.57,,82,0.89,,100,1.00,,71,1.12,,109,0.99,,85,1.10,,44,0.87,,55,0.90,,116,1.11,,71,1.34,,96,1.36,,62,0.90,,122,1.64,,109,1.51,,79,0.87,,82,0.95,,36,0.80,,93,1.23,,130,0.86,,146,1.14,,134,0.94,
,,여,"2,259",1.06,,190,1.71,,62,0.83,,150,1.66,,111,1.17,,96,0.91,,69,1.08,,140,1.37,,86,0.91,,55,1.03,,51,0.72,,131,1.16,,75,1.26,,102,1.39,,56,0.76,,117,1.43,,93,1.22,,65,0.65,,83,0.84,,26,0.47,,69,0.84,,136,0.83,,155,1.17,,141,0.90,
,40세,계,"4,615",1.13,87.45,311,1.46,95.60,171,1.20,78.13,273,1.58,83.22,235,1.25,62.07,246,1.19,75.71,141,1.11,98.59,255,1.20,77.08,170,0.99,88.89,112,1.08,69.70,114,0.86,78.13,278,1.28,71.60,148,1.31,111.43,212,1.47,123.16,141,0.99,95.83,216,1.38,91.15,174,1.17,89.13,147,0.77,113.04,179,0.97,105.75,74,0.74,100.00,144,0.92,108.70,346,1.10,73.00,270,1.04,112.60,258,0.86,77.93
,,남,"2,153",1.09,,152,1.49,,75,1.10,,124,1.50,,90,0.98,,106,1.06,,70,1.10,,111,1.00,,80,1.04,,46,0.91,,50,0.82,,116,1.11,,78,1.47,,117,1.65,,69,1.00,,103,1.38,,82,1.14,,78,0.86,,92,1.07,,37,0.83,,75,0.99,,146,0.97,,143,1.12,,113,0.79,
,,여,"2,462",1.16,,159,1.43,,96,1.29,,149,1.65,,145,1.52,,140,1.32,,71,1.11,,144,1.41,,90,0.96,,66,1.23,,64,0.90,,162,1.43,,70,1.18,,95,1.29,,72,0.98,,113,1.38,,92,1.20,,69,0.69,,87,0.88,,37,0.67,,69,0.84,,200,1.23,,127,0.96,,145,0.93,
,41세,계,"5,575",1.36,86.33,389,1.83,77.63,191,1.34,73.64,312,1.80,78.29,304,1.62,49.75,257,1.25,112.40,178,1.40,134.21,344,1.62,72.86,217,1.27,75.00,128,1.23,80.28,138,1.04,66.27,300,1.38,71.43,184,1.63,104.44,265,1.84,108.66,158,1.11,128.99,264,1.69,131.58,205,1.38,78.26,175,0.92,113.41,213,1.15,90.18,83,0.83,112.82,194,1.23,77.98,411,1.31,79.48,345,1.32,91.67,320,1.07,88.24
,,남,"2,583",1.31,,170,1.67,,81,1.19,,137,1.66,,101,1.09,,136,1.35,,102,1.61,,145,1.31,,93,1.21,,57,1.13,,55,0.90,,125,1.20,,94,1.77,,138,1.95,,89,1.29,,150,2.02,,90,1.25,,93,1.03,,101,1.17,,44,0.98,,85,1.13,,182,1.20,,165,1.29,,150,1.05,
,,여,"2,992",1.41,,219,1.97,,110,1.47,,175,1.93,,203,2.13,,121,1.14,,76,1.19,,199,1.95,,124,1.32,,71,1.33,,83,1.16,,175,1.54,,90,1.52,,127,1.73,,69,0.94,,114,1.39,,115,1.51,,82,0.82,,112,1.13,,39,0.71,,109,1.33,,229,1.40,,180,1.36,,170,1.09,
,42세,계,"6,169",1.51,83.06,425,2.00,82.40,195,1.37,82.24,356,2.05,82.56,413,2.20,63.24,296,1.43,86.16,182,1.43,93.62,436,2.05,80.91,256,1.50,82.86,145,1.40,81.25,116,0.88,75.76,366,1.68,86.73,168,1.49,112.66,272,1.89,94.29,180,1.26,91.49,246,1.57,74.47,247,1.66,99.19,192,1.01,100.00,219,1.18,73.81,86,0.86,100.00,197,1.25,101.02,457,1.45,68.63,356,1.37,80.71,363,1.21,84.26
,,남,"2,799",1.42,,192,1.89,,88,1.29,,161,1.95,,160,1.73,,137,1.36,,88,1.39,,195,1.76,,116,1.50,,65,1.29,,50,0.82,,170,1.63,,89,1.67,,132,1.87,,86,1.24,,105,1.41,,123,1.71,,96,1.06,,93,1.08,,43,0.96,,99,1.31,,186,1.23,,159,1.24,,166,1.16,
,,여,"3,370",1.58,,233,2.10,,107,1.43,,195,2.15,,253,2.66,,159,1.50,,94,1.47,,241,2.36,,140,1.49,,80,1.50,,66,0.93,,196,1.73,,79,1.33,,140,1.91,,94,1.28,,141,1.72,,124,1.62,,96,0.96,,126,1.27,,43,0.78,,98,1.20,,271,1.66,,197,1.48,,197,1.26,
,43세,계,"6,789",1.66,82.89,465,2.18,75.47,245,1.72,65.54,364,2.10,103.35,463,2.47,64.77,287,1.39,79.38,207,1.62,83.19,491,2.31,67.01,254,1.48,68.21,193,1.86,78.70,173,1.31,101.16,407,1.87,73.93,175,1.55,92.31,274,1.90,88.97,200,1.40,104.08,281,1.80,109.70,248,1.67,92.25,231,1.21,89.34,242,1.30,89.06,101,1.01,110.42,258,1.64,85.61,452,1.44,75.88,384,1.47,84.62,394,1.32,103.09
,,남,"3,077",1.56,,200,1.96,,97,1.43,,185,2.24,,182,1.97,,127,1.26,,94,1.48,,197,1.78,,103,1.34,,85,1.69,,87,1.43,,173,1.66,,84,1.58,,129,1.82,,102,1.48,,147,1.98,,119,1.65,,109,1.20,,114,1.32,,53,1.18,,119,1.58,,195,1.29,,176,1.37,,200,1.40,
,,여,"3,712",1.74,,265,2.39,,148,1.98,,179,1.98,,281,2.95,,160,1.51,,113,1.77,,294,2.88,,151,1.61,,108,2.02,,86,1.21,,234,2.07,,91,1.53,,145,1.97,,98,1.33,,134,1.63,,129,1.69,,122,1.22,,128,1.29,,48,0.87,,139,1.70,,257,1.58,,208,1.57,,194,1.24,
,44세,계,"7,071",1.73,83.66,446,2.09,94.76,254,1.78,78.87,394,2.27,84.11,531,2.83,80.61,306,1.48,87.73,229,1.80,70.90,513,2.41,80.63,254,1.48,81.43,202,1.95,90.57,151,1.14,96.10,413,1.90,75.00,213,1.89,121.88,288,2.00,88.24,176,1.23,89.25,259,1.66,96.21,249,1.68,109.24,214,1.12,73.98,280,1.51,69.70,88,0.88,104.65,264,1.68,78.38,517,1.65,73.49,381,1.46,84.95,449,1.50,76.08
,,남,"3,221",1.63,,217,2.13,,112,1.65,,180,2.18,,237,2.57,,143,1.42,,95,1.50,,229,2.07,,114,1.48,,96,1.91,,74,1.21,,177,1.70,,117,2.20,,135,1.91,,83,1.20,,127,1.71,,130,1.80,,91,1.01,,115,1.33,,45,1.00,,116,1.54,,219,1.45,,175,1.37,,194,1.36,
,,여,"3,850",1.81,,229,2.06,,142,1.90,,214,2.36,,294,3.09,,163,1.54,,134,2.10,,284,2.78,,140,1.49,,106,1.98,,77,1.08,,236,2.08,,96,1.62,,153,2.08,,93,1.26,,132,1.61,,119,1.56,,123,1.23,,165,1.66,,43,0.78,,148,1.81,,298,1.83,,206,1.55,,255,1.64,
,45세,계,"7,088",1.73,85.07,459,2.16,92.05,234,1.64,77.27,337,1.94,95.93,535,2.86,79.53,314,1.52,90.30,229,1.80,95.73,546,2.57,83.22,291,1.70,77.44,173,1.67,94.38,174,1.32,67.31,381,1.75,82.30,175,1.55,101.15,238,1.65,93.50,190,1.33,84.47,260,1.66,100.00,260,1.75,91.18,240,1.26,81.82,248,1.34,95.28,94,0.94,118.60,269,1.71,79.33,588,1.87,83.75,410,1.57,78.26,443,1.48,69.08
,,남,"3,258",1.65,,220,2.16,,102,1.50,,165,1.99,,237,2.57,,149,1.48,,112,1.76,,248,2.24,,127,1.65,,84,1.67,,70,1.15,,172,1.65,,88,1.66,,115,1.62,,87,1.26,,130,1.75,,124,1.72,,108,1.19,,121,1.40,,51,1.14,,119,1.58,,268,1.77,,180,1.41,,181,1.27,
,,여,"3,830",1.80,,239,2.15,,132,1.77,,172,1.90,,298,3.13,,165,1.56,,117,1.83,,298,2.92,,164,1.74,,89,1.66,,104,1.46,,209,1.84,,87,1.46,,123,1.67,,103,1.40,,130,1.58,,136,1.78,,132,1.32,,127,1.28,,43,0.78,,150,1.83,,320,1.96,,230,1.73,,262,1.68,
,46세,계,"6,559",1.60,90.06,441,2.07,100.45,241,1.69,115.18,319,1.84,93.33,456,2.43,95.71,289,1.40,88.89,242,1.90,103.36,514,2.42,82.92,288,1.68,82.28,171,1.65,69.31,187,1.41,66.96,403,1.85,84.02,146,1.30,100.00,228,1.58,103.57,194,1.36,88.35,215,1.37,85.34,244,1.64,92.13,195,1.02,109.68,236,1.27,103.45,86,0.86,82.98,215,1.37,90.27,488,1.55,85.55,324,1.24,87.28,437,1.46,80.58
,,남,"3,108",1.58,,221,2.17,,129,1.90,,154,1.86,,223,2.42,,136,1.35,,123,1.94,,233,2.11,,130,1.69,,70,1.39,,75,1.23,,184,1.77,,73,1.37,,116,1.64,,91,1.32,,99,1.33,,117,1.62,,102,1.13,,120,1.39,,39,0.87,,102,1.35,,225,1.49,,151,1.18,,195,1.36,
,,여,"3,451",1.62,,220,1.98,,112,1.50,,165,1.82,,233,2.45,,153,1.44,,119,1.86,,281,2.75,,158,1.68,,101,1.89,,112,1.57,,219,1.93,,73,1.23,,112,1.52,,103,1.40,,116,1.41,,127,1.66,,93,0.93,,116,1.17,,47,0.85,,113,1.38,,263,1.61,,173,1.30,,242,1.55,
,47세,계,"6,528",1.59,87.16,347,1.63,93.85,226,1.58,85.25,309,1.78,111.64,494,2.64,79.64,311,1.51,94.38,215,1.69,79.17,480,2.26,86.77,281,1.64,83.66,203,1.95,97.09,152,1.15,63.44,399,1.84,85.58,166,1.47,102.44,235,1.63,117.59,189,1.32,71.82,211,1.35,93.58,213,1.43,83.62,229,1.20,83.20,225,1.21,70.45,102,1.02,142.86,240,1.53,76.47,524,1.67,85.16,346,1.33,98.85,431,1.44,73.79
,,남,"3,040",1.54,,168,1.65,,104,1.53,,163,1.97,,219,2.37,,151,1.50,,95,1.50,,223,2.02,,128,1.66,,100,1.99,,59,0.97,,184,1.77,,84,1.58,,127,1.79,,79,1.14,,102,1.37,,97,1.35,,104,1.15,,93,1.08,,60,1.34,,104,1.38,,241,1.59,,172,1.34,,183,1.28,
,,여,"3,488",1.64,,179,1.61,,122,1.63,,146,1.61,,275,2.89,,160,1.51,,120,1.88,,257,2.52,,153,1.63,,103,1.93,,93,1.30,,215,1.90,,82,1.38,,108,1.47,,110,1.50,,109,1.33,,116,1.52,,125,1.25,,132,1.33,,42,0.76,,136,1.66,,283,1.74,,174,1.31,,248,1.59,
,48세,계,"6,714",1.64,91.28,403,1.89,89.20,204,1.43,92.45,340,1.96,93.18,474,2.53,102.56,334,1.62,88.70,199,1.56,107.29,488,2.29,89.88,263,1.54,94.81,195,1.88,82.24,166,1.25,78.49,390,1.79,71.81,164,1.46,92.94,215,1.49,110.78,225,1.58,108.33,198,1.27,88.57,200,1.35,100.00,246,1.29,96.80,271,1.46,103.76,108,1.08,129.79,250,1.59,89.39,539,1.72,75.57,392,1.50,87.56,450,1.51,90.68
,,남,"3,204",1.63,,190,1.87,,98,1.44,,164,1.98,,240,2.60,,157,1.56,,103,1.62,,231,2.09,,128,1.66,,88,1.75,,73,1.20,,163,1.57,,79,1.49,,113,1.60,,117,1.69,,93,1.25,,100,1.39,,121,1.34,,138,1.60,,61,1.36,,118,1.57,,232,1.53,,183,1.43,,214,1.50,
,,여,"3,510",1.65,,213,1.92,,106,1.42,,176,1.94,,234,2.46,,177,1.67,,96,1.50,,257,2.52,,135,1.44,,107,2.00,,93,1.30,,227,2.00,,85,1.43,,102,1.39,,108,1.47,,105,1.28,,100,1.31,,125,1.25,,133,1.34,,47,0.85,,132,1.61,,307,1.88,,209,1.57,,236,1.51,
,49세,계,"7,016",1.71,85.71,392,1.84,113.04,223,1.56,75.59,339,1.96,113.21,417,2.23,87.00,307,1.49,88.34,218,1.71,70.31,459,2.16,96.15,285,1.67,79.25,233,2.24,100.86,181,1.37,84.69,403,1.85,79.11,183,1.63,84.85,236,1.64,96.67,217,1.52,83.90,236,1.51,90.32,221,1.49,88.89,267,1.40,84.14,258,1.39,81.69,105,1.05,110.00,264,1.68,87.23,603,1.92,69.86,467,1.79,78.93,502,1.68,73.10
,,남,"3,238",1.64,,208,2.04,,96,1.41,,180,2.18,,194,2.10,,144,1.43,,90,1.42,,225,2.03,,126,1.63,,117,2.32,,83,1.36,,178,1.71,,84,1.58,,116,1.64,,99,1.43,,112,1.50,,104,1.44,,122,1.35,,116,1.34,,55,1.23,,123,1.63,,248,1.64,,206,1.61,,212,1.48,
,,여,"3,778",1.78,,184,1.66,,127,1.70,,159,1.76,,223,2.34,,163,1.54,,128,2.00,,234,2.29,,159,1.69,,116,2.17,,98,1.37,,225,1.99,,99,1.67,,120,1.63,,118,1.60,,124,1.51,,117,1.53,,145,1.45,,142,1.43,,50,0.90,,141,1.72,,355,2.18,,261,1.97,,290,1.86,
,50세,계,"7,247",1.77,86.54,405,1.90,79.20,251,1.76,83.21,309,1.78,82.84,445,2.37,96.90,324,1.57,98.77,241,1.89,99.17,463,2.18,83.73,312,1.82,91.41,196,1.89,100.00,210,1.59,77.97,444,2.04,85.77,170,1.51,84.78,202,1.40,106.12,218,1.53,109.62,215,1.37,90.27,249,1.68,72.92,301,1.58,82.42,315,1.70,71.20,130,1.30,124.14,270,1.72,69.81,611,1.94,87.42,442,1.69,87.29,524,1.75,78.23
,,남,"3,362",1.71,,179,1.76,,114,1.68,,140,1.69,,219,2.37,,161,1.60,,120,1.89,,211,1.91,,149,1.93,,98,1.95,,92,1.51,,205,1.97,,78,1.47,,104,1.47,,114,1.65,,102,1.37,,105,1.46,,136,1.50,,131,1.52,,72,1.61,,111,1.47,,285,1.88,,206,1.61,,230,1.61,
,,여,"3,885",1.83,,226,2.03,,137,1.83,,169,1.87,,226,2.38,,163,1.54,,121,1.89,,252,2.47,,163,1.73,,98,1.83,,118,1.66,,239,2.11,,92,1.55,,98,1.33,,104,1.41,,113,1.38,,144,1.89,,165,1.65,,184,1.86,,58,1.05,,159,1.94,,326,2.00,,236,1.78,,294,1.89,
,51세,계,"7,619",1.86,86.28,436,2.05,90.39,244,1.71,78.10,313,1.81,86.31,415,2.21,90.37,367,1.78,79.02,233,1.83,104.39,435,2.05,114.29,322,1.88,86.13,195,1.88,82.24,246,1.86,56.69,455,2.09,85.71,189,1.68,127.71,239,1.66,79.70,232,1.63,87.10,262,1.67,74.67,252,1.70,104.88,302,1.59,83.03,316,1.70,75.56,140,1.40,77.22,286,1.82,91.95,667,2.12,85.28,521,2.00,85.41,552,1.85,79.80
,,남,"3,529",1.79,,207,2.03,,107,1.57,,145,1.75,,197,2.14,,162,1.61,,119,1.87,,232,2.10,,149,1.93,,88,1.75,,89,1.46,,210,2.02,,106,1.99,,106,1.50,,108,1.56,,112,1.50,,129,1.79,,137,1.51,,136,1.58,,61,1.36,,137,1.82,,307,2.03,,240,1.87,,245,1.71,
,,여,"4,090",1.92,,229,2.06,,137,1.83,,168,1.85,,218,2.29,,205,1.94,,114,1.78,,203,1.99,,173,1.84,,107,2.00,,157,2.20,,245,2.16,,83,1.40,,133,1.81,,124,1.69,,150,1.83,,123,1.61,,165,1.65,,180,1.82,,79,1.43,,149,1.82,,360,2.21,,281,2.12,,307,1.97,
,52세,계,"7,755",1.89,88.50,333,1.56,91.38,229,1.60,108.18,323,1.86,84.57,409,2.18,125.97,363,1.76,95.16,256,2.01,84.17,469,2.20,83.92,342,2.00,97.69,200,1.93,88.68,281,2.12,76.73,423,1.95,88.84,214,1.90,109.80,297,2.06,100.68,258,1.81,88.32,234,1.50,85.71,248,1.67,101.63,355,1.86,90.86,335,1.81,77.25,159,1.59,74.73,298,1.90,83.95,612,1.95,80.00,495,1.90,84.70,622,2.08,72.78
,,남,"3,641",1.85,,159,1.56,,119,1.75,,148,1.79,,228,2.47,,177,1.76,,117,1.84,,214,1.94,,169,2.19,,94,1.87,,122,2.00,,199,1.91,,112,2.11,,149,2.11,,121,1.75,,108,1.45,,125,1.73,,169,1.87,,146,1.69,,68,1.52,,136,1.80,,272,1.80,,227,1.77,,262,1.83,
,,여,"4,114",1.93,,174,1.57,,110,1.47,,175,1.93,,181,1.90,,186,1.76,,139,2.17,,255,2.50,,173,1.84,,106,1.98,,159,2.23,,224,1.98,,102,1.72,,148,2.01,,137,1.86,,126,1.54,,123,1.61,,186,1.86,,189,1.91,,91,1.65,,162,1.98,,340,2.09,,268,2.02,,360,2.31,
,53세,계,"7,955",1.94,87.53,395,1.86,83.72,268,1.88,83.56,334,1.93,88.70,397,2.12,106.77,403,1.95,87.44,255,2.00,97.67,461,2.17,88.93,316,1.85,96.27,223,2.15,106.48,249,1.88,79.14,450,2.07,101.79,216,1.92,91.15,236,1.64,100.00,223,1.56,100.90,272,1.74,87.59,280,1.89,83.01,372,1.95,85.07,364,1.96,83.84,148,1.48,72.09,285,1.81,88.74,652,2.07,76.69,526,2.02,82.64,630,2.11,75.00
,,남,"3,713",1.88,,180,1.77,,122,1.79,,157,1.90,,205,2.22,,188,1.87,,126,1.98,,217,1.96,,155,2.01,,115,2.28,,110,1.80,,227,2.18,,103,1.94,,118,1.67,,112,1.62,,127,1.71,,127,1.76,,171,1.89,,166,1.92,,62,1.38,,134,1.78,,283,1.87,,238,1.86,,270,1.89,
,,여,"4,242",1.99,,215,1.94,,146,1.96,,177,1.95,,192,2.02,,215,2.03,,129,2.02,,244,2.39,,161,1.71,,108,2.02,,139,1.95,,223,1.97,,113,1.90,,118,1.61,,111,1.51,,145,1.77,,153,2.00,,201,2.01,,198,2.00,,86,1.56,,151,1.85,,369,2.26,,288,2.17,,360,2.31,
,54세,계,"8,018",1.96,87.03,372,1.75,98.93,262,1.84,84.51,322,1.86,95.15,337,1.80,121.71,385,1.87,76.61,235,1.84,113.64,424,1.99,100.95,358,2.09,83.59,227,2.19,112.15,310,2.34,64.02,445,2.05,85.42,189,1.68,78.30,252,1.75,110.00,287,2.01,100.70,269,1.72,89.44,286,1.93,86.93,390,2.05,65.96,375,2.02,74.42,154,1.54,83.33,290,1.84,77.91,676,2.15,83.70,523,2.01,95.15,650,2.18,73.80
,,남,"3,731",1.89,,185,1.82,,120,1.76,,157,1.90,,185,2.01,,167,1.66,,125,1.97,,213,1.93,,163,2.11,,120,2.38,,121,1.98,,205,1.97,,83,1.56,,132,1.87,,144,2.08,,127,1.71,,133,1.84,,155,1.71,,160,1.85,,70,1.56,,127,1.68,,308,2.04,,255,1.99,,276,1.93,
,,여,"4,287",2.01,,187,1.68,,142,1.90,,165,1.82,,152,1.60,,218,2.06,,110,1.72,,211,2.07,,195,2.07,,107,2.00,,189,2.65,,240,2.12,,106,1.78,,120,1.63,,143,1.94,,142,1.73,,153,2.00,,235,2.35,,215,2.17,,84,1.52,,163,1.99,,368,2.26,,268,2.02,,374,2.40,
,55세,계,"7,763",1.89,89.57,370,1.74,85.93,286,2.00,91.95,303,1.75,98.04,320,1.71,106.45,400,1.94,76.99,221,1.73,87.29,384,1.81,119.43,328,1.92,81.22,186,1.79,138.46,301,2.28,91.72,408,1.88,85.45,168,1.49,118.18,252,1.75,110.00,276,1.93,87.76,251,1.60,94.57,264,1.78,91.30,397,2.09,73.36,404,2.18,74.14,150,1.50,87.50,280,1.78,77.22,600,1.91,89.27,500,1.92,93.05,714,2.39,79.40
,,남,"3,668",1.86,,171,1.68,,137,2.01,,150,1.81,,165,1.79,,174,1.73,,103,1.62,,209,1.89,,147,1.91,,108,2.14,,144,2.36,,188,1.81,,91,1.71,,132,1.87,,129,1.87,,122,1.64,,126,1.75,,168,1.86,,172,1.99,,70,1.56,,122,1.62,,283,1.87,,241,1.88,,316,2.21,
,,여,"4,095",1.92,,199,1.79,,149,2.00,,153,1.69,,155,1.63,,226,2.13,,118,1.85,,175,1.71,,181,1.93,,78,1.46,,157,2.20,,220,1.94,,77,1.30,,120,1.63,,147,2.00,,129,1.57,,138,1.81,,229,2.29,,232,2.34,,80,1.45,,158,1.93,,317,1.94,,259,1.95,,398,2.55,
,56세,계,"7,839",1.91,93.13,358,1.68,111.83,221,1.55,112.50,264,1.52,85.92,280,1.49,117.05,412,2.00,85.59,235,1.84,102.59,391,1.84,110.22,347,2.03,92.78,190,1.83,137.50,305,2.31,70.39,416,1.91,109.05,183,1.63,81.19,261,1.81,100.77,260,1.82,81.82,256,1.64,109.84,326,2.20,82.12,399,2.10,89.10,349,1.88,79.90,180,1.80,65.14,322,2.05,89.41,641,2.04,86.34,535,2.05,99.63,708,2.37,85.34
,,남,"3,780",1.92,,189,1.86,,117,1.72,,122,1.47,,151,1.64,,190,1.89,,119,1.87,,205,1.85,,167,2.16,,110,2.18,,126,2.07,,217,2.08,,82,1.54,,131,1.85,,117,1.69,,134,1.80,,147,2.04,,188,2.08,,155,1.80,,71,1.58,,152,2.02,,297,1.96,,267,2.08,,326,2.28,
,,여,"4,059",1.91,,169,1.52,,104,1.39,,142,1.57,,129,1.36,,222,2.10,,116,1.81,,186,1.82,,180,1.91,,80,1.50,,179,2.51,,199,1.76,,101,1.70,,130,1.77,,143,1.94,,122,1.49,,179,2.34,,211,2.11,,194,1.96,,109,1.97,,170,2.08,,344,2.11,,268,2.02,,382,2.45,
,57세,계,"7,320",1.79,92.28,319,1.50,88.76,265,1.86,82.76,282,1.63,107.35,238,1.27,88.89,394,1.91,111.83,213,1.67,77.50,313,1.47,123.57,300,1.75,92.31,168,1.62,118.18,286,2.16,100.00,408,1.88,110.31,185,1.64,103.30,228,1.58,85.37,287,2.01,88.82,248,1.58,83.70,257,1.73,87.59,378,1.99,78.30,353,1.90,81.03,198,1.98,83.33,298,1.90,93.51,595,1.89,93.81,484,1.86,84.03,623,2.08,84.32
,,남,"3,513",1.78,,150,1.47,,120,1.76,,146,1.76,,112,1.21,,208,2.07,,93,1.46,,173,1.56,,144,1.87,,91,1.81,,143,2.34,,214,2.06,,94,1.77,,105,1.48,,135,1.95,,113,1.52,,120,1.66,,166,1.83,,158,1.83,,90,2.01,,144,1.91,,288,1.90,,221,1.73,,285,1.99,
,,여,"3,807",1.79,,169,1.52,,145,1.94,,136,1.50,,126,1.32,,186,1.76,,120,1.88,,140,1.37,,156,1.66,,77,1.44,,143,2.01,,194,1.71,,91,1.53,,123,1.67,,152,2.07,,135,1.65,,137,1.79,,212,2.12,,195,1.97,,108,1.95,,154,1.88,,307,1.88,,263,1.98,,338,2.17,
,58세,계,"6,656",1.62,94.51,280,1.32,110.53,222,1.56,79.03,240,1.38,106.90,204,1.09,114.74,370,1.79,91.71,196,1.54,90.29,292,1.37,88.39,277,1.62,103.68,130,1.25,106.35,306,2.31,90.06,351,1.61,83.77,158,1.40,97.50,202,1.40,114.89,229,1.60,104.46,259,1.66,73.83,266,1.79,109.45,340,1.79,84.78,329,1.77,99.39,180,1.80,80.00,258,1.64,96.95,541,1.72,84.01,426,1.63,91.03,600,2.01,104.78
,,남,"3,234",1.64,,147,1.44,,98,1.44,,124,1.50,,109,1.18,,177,1.76,,93,1.46,,137,1.24,,141,1.83,,67,1.33,,145,2.38,,160,1.54,,78,1.47,,108,1.53,,117,1.69,,110,1.48,,139,1.93,,156,1.72,,164,1.90,,80,1.78,,127,1.68,,247,1.63,,203,1.58,,307,2.15,
,,여,"3,422",1.61,,133,1.20,,124,1.66,,116,1.28,,95,1.00,,193,1.82,,103,1.61,,155,1.52,,136,1.45,,63,1.18,,161,2.26,,191,1.69,,80,1.35,,94,1.28,,112,1.52,,149,1.82,,127,1.66,,184,1.84,,165,1.66,,100,1.81,,131,1.60,,294,1.80,,223,1.68,,293,1.88,
,59세,계,"6,539",1.60,91.93,274,1.29,101.47,201,1.41,101.00,215,1.24,117.17,199,1.06,161.84,337,1.63,99.41,210,1.65,114.29,277,1.30,102.19,275,1.61,84.56,158,1.52,100.00,261,1.97,82.52,343,1.58,104.17,169,1.50,98.82,212,1.47,100.00,240,1.68,73.91,241,1.54,68.53,221,1.49,74.02,366,1.92,75.96,322,1.74,88.30,189,1.89,94.85,276,1.76,79.22,525,1.67,90.91,424,1.63,95.39,604,2.02,81.93
,,남,"3,132",1.59,,138,1.36,,101,1.48,,116,1.40,,123,1.33,,168,1.67,,112,1.76,,140,1.27,,126,1.63,,79,1.57,,118,1.93,,175,1.68,,84,1.58,,106,1.50,,102,1.48,,98,1.32,,94,1.30,,158,1.75,,151,1.75,,92,2.05,,122,1.62,,250,1.65,,207,1.62,,272,1.90,
,,여,"3,407",1.60,,136,1.22,,100,1.34,,99,1.09,,76,0.80,,169,1.60,,98,1.53,,137,1.34,,149,1.59,,79,1.48,,143,2.01,,168,1.48,,85,1.43,,106,1.44,,138,1.88,,143,1.74,,127,1.66,,208,2.08,,171,1.72,,97,1.76,,154,1.88,,275,1.69,,217,1.64,,332,2.13,
,60세,계,"6,568",1.60,92.72,261,1.23,94.78,235,1.65,111.71,228,1.32,86.89,177,0.94,115.85,340,1.65,111.18,201,1.58,123.33,252,1.18,127.03,284,1.66,98.60,160,1.54,113.33,250,1.89,92.31,321,1.48,82.39,166,1.47,86.52,193,1.34,96.94,284,1.99,95.86,232,1.48,68.12,250,1.68,100.00,367,1.93,84.42,327,1.76,81.67,197,1.97,80.73,286,1.82,82.17,531,1.69,90.32,451,1.73,84.84,575,1.92,85.48
,,남,"3,160",1.60,,127,1.25,,124,1.82,,106,1.28,,95,1.03,,179,1.78,,111,1.75,,141,1.27,,141,1.83,,85,1.69,,120,1.97,,145,1.39,,77,1.45,,95,1.34,,139,2.01,,94,1.26,,125,1.73,,168,1.86,,147,1.70,,88,1.96,,129,1.71,,252,1.67,,207,1.62,,265,1.85,
,,여,"3,408",1.60,,134,1.21,,111,1.49,,122,1.35,,82,0.86,,161,1.52,,90,1.41,,111,1.09,,143,1.52,,75,1.40,,130,1.82,,176,1.55,,89,1.50,,98,1.33,,145,1.97,,138,1.68,,125,1.64,,199,1.99,,180,1.82,,109,1.97,,157,1.92,,279,1.71,,244,1.84,,310,1.99,
,61세,계,"5,868",1.43,91.51,253,1.19,78.17,168,1.18,107.41,168,0.97,80.65,151,0.81,86.42,310,1.50,113.79,171,1.34,96.55,204,0.96,104.00,230,1.34,72.93,130,1.25,91.18,247,1.87,97.60,280,1.29,135.29,125,1.11,71.23,201,1.39,81.08,251,1.76,85.93,221,1.41,84.17,265,1.78,87.94,322,1.69,97.55,316,1.70,77.53,203,2.03,93.33,247,1.57,82.96,475,1.51,82.69,393,1.51,96.50,537,1.80,99.63
,,남,"2,804",1.42,,111,1.09,,87,1.28,,75,0.91,,70,0.76,,165,1.64,,84,1.32,,104,0.94,,97,1.26,,62,1.23,,122,2.00,,161,1.55,,52,0.98,,90,1.27,,116,1.68,,101,1.36,,124,1.72,,159,1.76,,138,1.60,,98,2.19,,112,1.49,,215,1.42,,193,1.51,,268,1.88,
,,여,"3,064",1.44,,142,1.28,,81,1.08,,93,1.03,,81,0.85,,145,1.37,,87,1.36,,100,0.98,,133,1.41,,68,1.27,,125,1.75,,119,1.05,,73,1.23,,111,1.51,,135,1.84,,120,1.46,,141,1.85,,163,1.63,,178,1.80,,105,1.90,,135,1.65,,260,1.59,,200,1.51,,269,1.72,
,62세,계,"6,691",1.63,89.98,260,1.22,98.47,222,1.56,91.38,191,1.10,109.89,169,0.90,108.64,360,1.74,79.10,179,1.40,94.57,221,1.04,93.86,247,1.44,91.47,158,1.52,100.00,244,1.84,83.46,310,1.43,94.97,172,1.53,100.00,217,1.50,102.80,290,2.03,110.14,275,1.76,89.66,223,1.50,102.73,421,2.21,89.64,398,2.15,72.29,268,2.68,70.70,313,1.99,83.04,546,1.74,80.79,405,1.55,88.37,602,2.01,92.95
,,남,"3,169",1.61,,129,1.27,,106,1.56,,100,1.21,,88,0.95,,159,1.58,,87,1.37,,107,0.97,,118,1.53,,79,1.57,,111,1.82,,151,1.45,,86,1.62,,110,1.55,,152,2.20,,130,1.75,,113,1.57,,199,2.20,,167,1.93,,111,2.48,,142,1.88,,244,1.61,,190,1.48,,290,2.03,
,,여,"3,522",1.65,,131,1.18,,116,1.55,,91,1.00,,81,0.85,,201,1.90,,92,1.44,,114,1.12,,129,1.37,,79,1.48,,133,1.87,,159,1.40,,86,1.45,,107,1.46,,138,1.88,,145,1.77,,110,1.44,,222,2.22,,231,2.33,,157,2.84,,171,2.09,,302,1.85,,215,1.62,,312,2.00,
,63세,계,"6,026",1.47,91.12,204,0.96,145.78,195,1.37,111.96,140,0.81,102.90,145,0.77,107.14,357,1.73,85.94,160,1.26,88.24,203,0.95,133.33,228,1.33,90.00,120,1.16,118.18,244,1.84,92.13,277,1.27,84.67,170,1.51,71.72,173,1.20,105.95,250,1.75,85.19,265,1.69,81.51,214,1.44,118.37,381,2.00,89.55,356,1.92,80.71,254,2.54,76.39,263,1.67,67.52,459,1.46,83.60,431,1.65,75.92,537,1.80,101.12
,,남,"2,873",1.46,,121,1.19,,103,1.51,,71,0.86,,75,0.81,,165,1.64,,75,1.18,,116,1.05,,108,1.40,,65,1.29,,117,1.92,,127,1.22,,71,1.34,,89,1.26,,115,1.66,,119,1.60,,116,1.61,,180,1.99,,159,1.84,,110,2.45,,106,1.41,,209,1.38,,186,1.45,,270,1.89,
,,여,"3,153",1.48,,83,0.75,,92,1.23,,69,0.76,,70,0.74,,192,1.81,,85,1.33,,87,0.85,,120,1.28,,55,1.03,,127,1.78,,150,1.32,,99,1.67,,84,1.14,,135,1.84,,146,1.78,,98,1.28,,201,2.01,,197,1.99,,144,2.61,,157,1.92,,250,1.53,,245,1.85,,267,1.71,
,64세,계,"6,576",1.60,90.94,274,1.29,112.40,208,1.46,103.92,184,1.06,87.76,141,0.75,71.95,346,1.68,93.30,183,1.44,77.67,190,0.89,86.27,233,1.36,92.56,160,1.54,75.82,271,2.05,84.35,301,1.38,79.17,173,1.54,73.00,224,1.55,85.12,313,2.19,96.86,260,1.66,67.74,238,1.60,106.96,428,2.25,84.48,366,1.97,83.92,248,2.48,104.96,281,1.79,91.16,534,1.70,96.32,471,1.81,97.90,549,1.84,108.75
,,남,"3,132",1.59,,145,1.42,,106,1.56,,86,1.04,,59,0.64,,167,1.66,,80,1.26,,88,0.80,,112,1.45,,69,1.37,,124,2.03,,133,1.28,,73,1.37,,103,1.46,,154,2.23,,105,1.41,,123,1.71,,196,2.17,,167,1.93,,127,2.83,,134,1.78,,262,1.73,,233,1.82,,286,2.00,
,,여,"3,444",1.62,,129,1.16,,102,1.37,,98,1.08,,82,0.86,,179,1.69,,103,1.61,,102,1.00,,121,1.29,,91,1.70,,147,2.06,,168,1.48,,100,1.68,,121,1.65,,159,2.16,,155,1.89,,115,1.51,,232,2.32,,199,2.01,,121,2.19,,147,1.80,,272,1.67,,238,1.79,,263,1.69,
,65세,계,"6,211",1.52,87.93,210,0.99,105.88,190,1.33,84.47,159,0.92,93.90,151,0.81,91.14,329,1.59,85.88,183,1.44,72.64,190,0.89,91.92,264,1.54,85.92,151,1.45,75.58,224,1.69,80.65,272,1.25,87.59,151,1.34,118.84,230,1.59,84.00,275,1.93,87.07,307,1.96,74.43,223,1.50,99.11,401,2.11,83.11,373,2.01,68.02,235,2.35,99.15,294,1.87,78.18,489,1.56,99.59,419,1.61,91.32,491,1.64,102.06
,,남,"2,906",1.47,,108,1.06,,87,1.28,,77,0.93,,72,0.78,,152,1.51,,77,1.21,,91,0.82,,122,1.58,,65,1.29,,100,1.64,,127,1.22,,82,1.54,,105,1.48,,128,1.85,,131,1.76,,111,1.54,,182,2.01,,151,1.75,,117,2.61,,129,1.71,,244,1.61,,200,1.56,,248,1.74,
,,여,"3,305",1.55,,102,0.92,,103,1.38,,82,0.91,,79,0.83,,177,1.67,,106,1.66,,99,0.97,,142,1.51,,86,1.61,,124,1.74,,145,1.28,,69,1.16,,125,1.70,,147,2.00,,176,2.15,,112,1.47,,219,2.19,,222,2.24,,118,2.14,,165,2.02,,245,1.50,,219,1.65,,243,1.56,
,66세,계,"5,544",1.35,88.96,195,0.92,96.97,171,1.20,96.55,146,0.84,97.30,147,0.78,72.94,306,1.48,80.00,157,1.23,63.54,178,0.84,74.51,196,1.15,68.97,128,1.23,113.33,217,1.64,90.35,263,1.21,87.86,135,1.20,77.63,181,1.25,77.45,241,1.69,86.82,251,1.60,85.93,202,1.36,108.25,360,1.89,83.67,316,1.70,86.98,240,2.40,88.98,305,1.94,83.73,389,1.24,103.66,401,1.54,105.64,419,1.40,101.44
,,남,"2,610",1.32,,96,0.94,,84,1.23,,72,0.87,,62,0.67,,136,1.35,,61,0.96,,76,0.69,,80,1.04,,68,1.35,,103,1.69,,123,1.18,,59,1.11,,79,1.12,,112,1.62,,116,1.56,,105,1.46,,164,1.81,,147,1.70,,113,2.52,,139,1.84,,198,1.31,,206,1.61,,211,1.48,
,,여,"2,934",1.38,,99,0.89,,87,1.16,,74,0.82,,85,0.89,,170,1.60,,96,1.50,,102,1.00,,116,1.23,,60,1.12,,114,1.60,,140,1.24,,76,1.28,,102,1.39,,129,1.75,,135,1.65,,97,1.27,,196,1.96,,169,1.70,,127,2.30,,166,2.03,,191,1.17,,195,1.47,,208,1.33,
,67세,계,"5,300",1.29,83.52,161,0.76,89.41,168,1.18,82.61,140,0.81,84.21,132,0.70,78.38,301,1.46,81.33,162,1.27,95.18,168,0.79,104.88,219,1.28,72.44,123,1.18,89.23,224,1.69,68.42,234,1.08,78.63,139,1.23,65.48,159,1.10,98.75,262,1.84,104.69,267,1.71,70.06,171,1.15,76.29,353,1.85,76.50,327,1.76,78.69,235,2.35,63.19,283,1.80,64.53,356,1.13,113.17,334,1.28,91.95,382,1.28,103.19
,,남,"2,412",1.22,,76,0.75,,76,1.12,,64,0.77,,58,0.63,,135,1.34,,79,1.24,,86,0.78,,92,1.19,,58,1.15,,91,1.49,,103,0.99,,55,1.03,,79,1.12,,134,1.94,,110,1.48,,74,1.03,,153,1.69,,144,1.67,,91,2.03,,111,1.47,,189,1.25,,160,1.25,,194,1.36,
,,여,"2,888",1.36,,85,0.77,,92,1.23,,76,0.84,,74,0.78,,166,1.57,,83,1.30,,82,0.80,,127,1.35,,65,1.22,,133,1.87,,131,1.16,,84,1.41,,80,1.09,,128,1.74,,157,1.91,,97,1.27,,200,2.00,,183,1.85,,144,2.61,,172,2.10,,167,1.02,,174,1.31,,188,1.21,
,68세,계,"5,118",1.25,87.27,168,0.79,75.00,149,1.04,93.51,128,0.74,88.24,133,0.71,64.20,259,1.26,86.33,157,1.23,91.46,155,0.73,101.30,217,1.27,79.34,115,1.11,82.54,201,1.52,84.40,261,1.20,85.11,170,1.51,95.40,169,1.17,76.04,237,1.66,71.74,223,1.43,87.39,181,1.22,82.83,307,1.61,73.45,293,1.58,80.86,251,2.51,68.46,275,1.75,100.73,399,1.27,102.54,335,1.28,112.03,335,1.12,109.38
,,남,"2,385",1.21,,72,0.71,,72,1.06,,60,0.73,,52,0.56,,120,1.19,,75,1.18,,78,0.71,,96,1.24,,52,1.03,,92,1.51,,120,1.15,,83,1.56,,73,1.03,,99,1.43,,104,1.40,,82,1.14,,130,1.44,,131,1.52,,102,2.28,,138,1.83,,202,1.34,,177,1.38,,175,1.22,
,,여,"2,733",1.28,,96,0.86,,77,1.03,,68,0.75,,81,0.85,,139,1.31,,82,1.28,,77,0.75,,121,1.29,,63,1.18,,109,1.53,,141,1.24,,87,1.46,,96,1.31,,138,1.88,,119,1.45,,99,1.30,,177,1.77,,162,1.63,,149,2.70,,137,1.67,,197,1.21,,158,1.19,,160,1.03,
,69세,계,"4,874",1.19,84.41,146,0.69,82.50,154,1.08,108.11,106,0.61,89.29,123,0.66,95.24,281,1.36,89.86,121,0.95,95.16,130,0.61,68.83,204,1.19,68.60,135,1.30,68.75,200,1.51,117.39,243,1.12,71.13,150,1.33,72.41,148,1.03,85.00,282,1.98,91.84,246,1.57,66.22,176,1.19,87.23,302,1.59,92.36,304,1.64,78.82,224,2.24,86.67,244,1.55,75.54,302,0.96,96.10,325,1.25,74.73,328,1.10,97.59
,,남,"2,231",1.13,,66,0.65,,80,1.18,,50,0.60,,60,0.65,,133,1.32,,59,0.93,,53,0.48,,83,1.08,,55,1.09,,108,1.77,,101,0.97,,63,1.18,,68,0.96,,135,1.95,,98,1.32,,82,1.14,,145,1.60,,134,1.55,,104,2.32,,105,1.39,,148,0.98,,139,1.09,,162,1.13,
,,여,"2,643",1.24,,80,0.72,,74,0.99,,56,0.62,,63,0.66,,148,1.40,,62,0.97,,77,0.75,,121,1.29,,80,1.50,,92,1.29,,142,1.25,,87,1.46,,80,1.09,,147,2.00,,148,1.80,,94,1.23,,157,1.57,,170,1.71,,120,2.17,,139,1.70,,154,0.94,,186,1.40,,166,1.06,
,70세,계,"4,744",1.16,88.33,151,0.71,93.59,144,1.01,89.47,125,0.72,89.39,128,0.68,72.97,286,1.39,91.95,143,1.12,113.43,141,0.66,63.95,207,1.21,68.29,124,1.19,79.71,177,1.34,77.00,221,1.02,92.17,130,1.15,75.68,148,1.03,111.43,228,1.60,101.77,240,1.53,81.82,134,0.90,65.43,315,1.65,94.44,318,1.71,81.71,264,2.64,84.62,218,1.39,118.00,276,0.88,110.69,290,1.11,92.05,336,1.12,82.61
,,남,"2,225",1.13,,73,0.72,,68,1.00,,59,0.71,,54,0.59,,137,1.36,,76,1.20,,55,0.50,,84,1.09,,55,1.09,,77,1.26,,106,1.02,,56,1.05,,78,1.10,,115,1.66,,108,1.45,,53,0.73,,153,1.69,,143,1.66,,121,2.70,,118,1.57,,145,0.96,,139,1.09,,152,1.06,
,,여,"2,519",1.18,,78,0.70,,76,1.02,,66,0.73,,74,0.78,,149,1.41,,67,1.05,,86,0.84,,123,1.31,,69,1.29,,100,1.40,,115,1.02,,74,1.25,,70,0.95,,113,1.54,,132,1.61,,81,1.06,,162,1.62,,175,1.77,,143,2.59,,100,1.22,,131,0.80,,151,1.14,,184,1.18,
,71세,계,"3,917",0.96,81.93,132,0.62,103.08,120,0.84,69.01,78,0.45,90.24,100,0.53,75.44,234,1.13,87.20,127,1.00,89.55,136,0.64,74.36,165,0.96,65.00,110,1.06,89.66,146,1.10,92.11,164,0.75,97.59,106,0.94,79.66,121,0.84,72.86,206,1.44,76.07,180,1.15,73.08,135,0.91,75.32,263,1.38,75.33,233,1.26,86.40,202,2.02,77.19,198,1.26,98.00,264,0.84,80.82,242,0.93,87.60,255,0.85,80.85
,,남,"1,764",0.90,,67,0.66,,49,0.72,,37,0.45,,43,0.47,,109,1.09,,60,0.94,,58,0.52,,65,0.84,,52,1.03,,70,1.15,,81,0.78,,47,0.88,,51,0.72,,89,1.29,,76,1.02,,58,0.80,,113,1.25,,108,1.25,,88,1.96,,98,1.30,,118,0.78,,113,0.88,,114,0.80,
,,여,"2,153",1.01,,65,0.59,,71,0.95,,41,0.45,,57,0.60,,125,1.18,,67,1.05,,78,0.76,,100,1.06,,58,1.08,,76,1.07,,83,0.73,,59,0.99,,70,0.95,,117,1.59,,104,1.27,,77,1.01,,150,1.50,,125,1.26,,114,2.06,,100,1.22,,146,0.90,,129,0.97,,141,0.90,
,72세,계,"4,198",1.02,79.71,140,0.66,84.21,142,1.00,69.05,95,0.55,97.92,131,0.70,65.82,243,1.18,81.34,119,0.93,80.30,141,0.66,80.77,214,1.25,65.89,100,0.96,88.68,205,1.55,75.21,173,0.80,73.00,145,1.29,70.59,153,1.06,77.91,195,1.37,75.68,210,1.34,76.47,140,0.94,84.21,293,1.54,77.58,245,1.32,96.00,206,2.06,71.67,198,1.26,80.00,228,0.73,79.53,231,0.89,95.76,251,0.84,93.08
,,남,"1,862",0.94,,64,0.63,,58,0.85,,47,0.57,,52,0.56,,109,1.09,,53,0.83,,63,0.57,,85,1.10,,47,0.93,,88,1.44,,73,0.70,,60,1.13,,67,0.95,,84,1.21,,91,1.22,,64,0.89,,128,1.41,,120,1.39,,86,1.92,,88,1.17,,101,0.67,,113,0.88,,121,0.85,
,,여,"2,336",1.10,,76,0.68,,84,1.12,,48,0.53,,79,0.83,,134,1.27,,66,1.03,,78,0.76,,129,1.37,,53,0.99,,117,1.64,,100,0.88,,85,1.43,,86,1.17,,111,1.51,,119,1.45,,76,1.00,,165,1.65,,125,1.26,,120,2.17,,110,1.34,,127,0.78,,118,0.89,,130,0.83,
,73세,계,"3,631",0.89,76.43,142,0.67,47.92,112,0.78,64.71,87,0.50,55.36,100,0.53,78.57,194,0.94,79.63,105,0.82,77.97,117,0.55,88.71,180,1.05,63.64,87,0.84,74.00,131,0.99,55.95,140,0.64,105.88,124,1.10,72.22,115,0.80,74.24,195,1.37,93.07,181,1.16,69.16,118,0.79,71.01,247,1.30,85.71,198,1.07,85.05,197,1.97,69.83,161,1.02,85.06,213,0.68,85.22,218,0.84,87.93,269,0.90,76.97
,,남,"1,573",0.80,,46,0.45,,44,0.65,,31,0.37,,44,0.48,,86,0.86,,46,0.72,,55,0.50,,70,0.91,,37,0.73,,47,0.77,,72,0.69,,52,0.98,,49,0.69,,94,1.36,,74,0.99,,49,0.68,,114,1.26,,91,1.05,,81,1.81,,74,0.98,,98,0.65,,102,0.80,,117,0.82,
,,여,"2,058",0.97,,96,0.86,,68,0.91,,56,0.62,,56,0.59,,108,1.02,,59,0.92,,62,0.61,,110,1.17,,50,0.93,,84,1.18,,68,0.60,,72,1.21,,66,0.90,,101,1.37,,107,1.30,,69,0.90,,133,1.33,,107,1.08,,116,2.10,,87,1.06,,115,0.71,,116,0.87,,152,0.97,
,74세,계,"3,174",0.77,74.97,93,0.44,63.16,97,0.68,102.08,70,0.40,52.17,62,0.33,72.22,207,1.00,86.49,106,0.83,79.66,87,0.41,93.33,156,0.91,65.96,93,0.90,75.47,109,0.82,75.81,141,0.65,78.48,103,0.91,60.94,119,0.82,72.46,150,1.05,94.81,164,1.05,74.47,108,0.73,63.64,231,1.21,57.14,176,0.95,79.59,174,1.74,67.31,175,1.11,73.27,180,0.57,100.00,190,0.73,66.67,183,0.61,83.00
,,남,"1,360",0.69,,36,0.35,,49,0.72,,24,0.29,,26,0.28,,96,0.96,,47,0.74,,42,0.38,,62,0.80,,40,0.79,,47,0.77,,62,0.60,,39,0.73,,50,0.71,,73,1.06,,70,0.94,,42,0.58,,84,0.93,,78,0.90,,70,1.56,,74,0.98,,90,0.60,,76,0.59,,83,0.58,
,,여,"1,814",0.85,,57,0.51,,48,0.64,,46,0.51,,36,0.38,,111,1.05,,59,0.92,,45,0.44,,94,1.00,,53,0.99,,62,0.87,,79,0.70,,64,1.08,,69,0.94,,77,1.05,,94,1.15,,66,0.86,,147,1.47,,98,0.99,,104,1.88,,101,1.23,,90,0.55,,114,0.86,,100,0.64,
,75세,계,"3,299",0.80,80.37,128,0.60,93.94,96,0.67,104.26,78,0.45,69.57,110,0.59,96.43,191,0.93,87.25,91,0.71,97.83,91,0.43,82.00,176,1.03,85.26,79,0.76,68.09,134,1.01,76.32,152,0.70,83.13,116,1.03,46.84,88,0.61,83.33,171,1.20,78.13,173,1.11,84.04,90,0.61,63.64,216,1.13,60.00,182,0.98,82.00,196,1.96,56.80,137,0.87,128.33,196,0.62,92.16,204,0.78,85.45,204,0.68,83.78
,,남,"1,470",0.75,,62,0.61,,49,0.72,,32,0.39,,54,0.59,,89,0.89,,45,0.71,,41,0.37,,81,1.05,,32,0.64,,58,0.95,,69,0.66,,37,0.70,,40,0.57,,75,1.08,,79,1.06,,35,0.49,,81,0.90,,82,0.95,,71,1.58,,77,1.02,,94,0.62,,94,0.73,,93,0.65,
,,여,"1,829",0.86,,66,0.59,,47,0.63,,46,0.51,,56,0.59,,102,0.96,,46,0.72,,50,0.49,,95,1.01,,47,0.88,,76,1.07,,83,0.73,,79,1.33,,48,0.65,,96,1.31,,94,1.15,,55,0.72,,135,1.35,,100,1.01,,125,2.26,,60,0.73,,102,0.63,,110,0.83,,111,0.71,
,76세,계,"3,245",0.79,70.79,120,0.56,55.84,90,0.63,69.81,76,0.44,61.70,86,0.46,72.00,197,0.95,65.55,101,0.79,44.29,107,0.50,75.41,174,1.02,61.11,109,1.05,75.81,128,0.97,85.51,138,0.63,74.68,92,0.82,109.09,128,0.89,70.67,147,1.03,77.11,165,1.05,75.53,88,0.59,114.63,218,1.15,67.69,190,1.02,86.27,174,1.74,64.15,121,0.77,89.06,194,0.62,64.41,203,0.78,66.39,199,0.67,57.94
,,남,"1,345",0.68,,43,0.42,,37,0.54,,29,0.35,,36,0.39,,78,0.78,,31,0.49,,46,0.42,,66,0.86,,47,0.93,,59,0.97,,59,0.57,,48,0.90,,53,0.75,,64,0.93,,71,0.95,,47,0.65,,88,0.97,,88,1.02,,68,1.52,,57,0.76,,76,0.50,,81,0.63,,73,0.51,
,,여,"1,900",0.89,,77,0.69,,53,0.71,,47,0.52,,50,0.53,,119,1.12,,70,1.09,,61,0.60,,108,1.15,,62,1.16,,69,0.97,,79,0.70,,44,0.74,,75,1.02,,83,1.13,,94,1.15,,41,0.54,,130,1.30,,102,1.03,,106,1.92,,64,0.78,,118,0.72,,122,0.92,,126,0.81,
,77세,계,"3,114",0.76,74.36,133,0.62,77.33,105,0.74,61.54,72,0.42,125.00,92,0.49,53.33,190,0.92,90.00,81,0.64,113.16,101,0.47,62.90,158,0.92,58.00,76,0.73,52.00,129,0.98,72.00,126,0.58,68.00,114,1.01,78.13,90,0.62,73.08,162,1.14,82.02,153,0.98,101.32,98,0.66,71.93,243,1.28,88.37,158,0.85,73.63,175,1.75,54.87,123,0.78,83.58,176,0.56,77.78,164,0.63,76.34,195,0.65,57.26
,,남,"1,328",0.67,,58,0.57,,40,0.59,,40,0.48,,32,0.35,,90,0.90,,43,0.68,,39,0.35,,58,0.75,,26,0.52,,54,0.89,,51,0.49,,50,0.94,,38,0.54,,73,1.06,,77,1.03,,41,0.57,,114,1.26,,67,0.78,,62,1.38,,56,0.74,,77,0.51,,71,0.55,,71,0.50,
,,여,"1,786",0.84,,75,0.68,,65,0.87,,32,0.35,,60,0.63,,100,0.94,,38,0.59,,62,0.61,,100,1.06,,50,0.93,,75,1.05,,75,0.66,,64,1.08,,52,0.71,,89,1.21,,76,0.93,,57,0.75,,129,1.29,,91,0.92,,113,2.05,,67,0.82,,99,0.61,,93,0.70,,124,0.80,
,78세,계,"2,736",0.67,71.54,116,0.54,75.76,78,0.55,90.24,77,0.44,50.98,73,0.39,62.22,185,0.90,86.87,76,0.60,111.11,103,0.48,83.93,169,0.99,62.50,62,0.60,67.57,130,0.98,78.08,102,0.47,78.95,101,0.90,83.64,101,0.70,74.14,127,0.89,56.79,111,0.71,105.56,82,0.55,70.83,187,0.98,64.04,166,0.90,58.10,147,1.47,68.97,75,0.48,102.70,142,0.45,54.35,157,0.60,65.26,169,0.57,62.50
,,남,"1,141",0.58,,50,0.49,,37,0.54,,26,0.31,,28,0.30,,86,0.86,,40,0.63,,47,0.42,,65,0.84,,25,0.50,,57,0.93,,45,0.43,,46,0.87,,43,0.61,,46,0.67,,57,0.77,,34,0.47,,73,0.81,,61,0.71,,60,1.34,,38,0.50,,50,0.33,,62,0.48,,65,0.45,
,,여,"1,595",0.75,,66,0.59,,41,0.55,,51,0.56,,45,0.47,,99,0.93,,36,0.56,,56,0.55,,104,1.11,,37,0.69,,73,1.02,,57,0.50,,55,0.93,,58,0.79,,81,1.10,,54,0.66,,48,0.63,,114,1.14,,105,1.06,,87,1.57,,37,0.45,,92,0.56,,95,0.72,,104,0.67,
,79세,계,"1,758",0.43,79.75,71,0.33,97.22,57,0.40,119.23,37,0.21,105.56,49,0.26,96.00,109,0.53,62.69,49,0.38,75.00,53,0.25,76.67,102,0.60,59.38,55,0.53,83.33,81,0.61,97.56,69,0.32,91.67,53,0.47,120.83,70,0.49,100.00,93,0.65,78.85,76,0.49,111.11,51,0.34,88.89,133,0.70,58.33,70,0.38,75.00,93,0.93,52.46,71,0.45,91.89,104,0.33,76.27,104,0.40,79.31,108,0.36,68.75
,,남,780,0.40,,35,0.34,,31,0.46,,19,0.23,,24,0.26,,42,0.42,,21,0.33,,23,0.21,,38,0.49,,25,0.50,,40,0.66,,33,0.32,,29,0.55,,35,0.49,,41,0.59,,40,0.54,,24,0.33,,49,0.54,,30,0.35,,32,0.71,,34,0.45,,45,0.30,,46,0.36,,44,0.31,
,,여,978,0.46,,36,0.32,,26,0.35,,18,0.20,,25,0.26,,67,0.63,,28,0.44,,30,0.29,,64,0.68,,30,0.56,,41,0.58,,36,0.32,,24,0.40,,35,0.48,,52,0.71,,36,0.44,,27,0.35,,84,0.84,,40,0.40,,61,1.10,,37,0.45,,59,0.36,,58,0.44,,64,0.41,
,80세,계,"2,089",0.51,69.70,87,0.41,55.36,76,0.53,85.37,64,0.37,88.24,53,0.28,82.76,109,0.53,60.29,47,0.37,74.07,80,0.38,81.82,127,0.74,64.94,61,0.59,79.41,85,0.64,66.67,79,0.36,83.72,75,0.67,44.23,70,0.49,66.67,106,0.74,79.66,108,0.69,66.15,55,0.37,89.66,149,0.78,55.21,99,0.53,70.69,107,1.07,62.12,81,0.52,65.31,136,0.43,86.30,100,0.38,72.41,135,0.45,68.75
,,남,858,0.44,,31,0.30,,35,0.51,,30,0.36,,24,0.26,,41,0.41,,20,0.31,,36,0.33,,50,0.65,,27,0.54,,34,0.56,,36,0.35,,23,0.43,,28,0.40,,47,0.68,,43,0.58,,26,0.36,,53,0.59,,41,0.48,,41,0.91,,32,0.42,,63,0.42,,42,0.33,,55,0.38,
,,여,"1,231",0.58,,56,0.50,,41,0.55,,34,0.38,,29,0.30,,68,0.64,,27,0.42,,44,0.43,,77,0.82,,34,0.64,,51,0.72,,43,0.38,,52,0.88,,42,0.57,,59,0.80,,65,0.79,,29,0.38,,96,0.96,,58,0.59,,66,1.19,,49,0.60,,73,0.45,,58,0.44,,80,0.51,
,81세,계,"2,287",0.56,69.91,75,0.35,74.42,80,0.56,86.05,60,0.35,76.47,58,0.31,65.71,118,0.57,76.12,72,0.56,46.94,79,0.37,36.21,149,0.87,58.51,55,0.53,89.66,99,0.75,80.00,91,0.42,65.45,80,0.71,86.05,73,0.51,48.98,111,0.78,73.44,102,0.65,88.89,61,0.41,69.44,162,0.85,67.01,120,0.65,84.62,146,1.46,55.32,79,0.50,102.56,124,0.39,85.07,125,0.48,92.31,168,0.56,51.35
,,남,941,0.48,,32,0.31,,37,0.54,,26,0.31,,23,0.25,,51,0.51,,23,0.36,,21,0.19,,55,0.71,,26,0.52,,44,0.72,,36,0.35,,37,0.70,,24,0.34,,47,0.68,,48,0.64,,25,0.35,,65,0.72,,55,0.64,,52,1.16,,40,0.53,,57,0.38,,60,0.47,,57,0.40,
,,여,"1,346",0.63,,43,0.39,,43,0.58,,34,0.38,,35,0.37,,67,0.63,,49,0.77,,58,0.57,,94,1.00,,29,0.54,,55,0.77,,55,0.49,,43,0.72,,49,0.67,,64,0.87,,54,0.66,,36,0.47,,97,0.97,,65,0.66,,94,1.70,,39,0.48,,67,0.41,,65,0.49,,111,0.71,
,82세,계,"2,491",0.61,65.74,107,0.50,64.62,91,0.64,59.65,40,0.23,110.53,67,0.36,67.50,160,0.78,72.04,58,0.46,87.10,88,0.41,49.15,142,0.83,57.78,76,0.73,65.22,94,0.71,56.67,100,0.46,51.52,80,0.71,56.86,71,0.49,47.92,150,1.05,82.93,107,0.68,69.84,67,0.45,109.38,176,0.92,69.23,130,0.70,71.05,145,1.45,45.00,72,0.46,100.00,137,0.44,61.18,144,0.55,67.44,189,0.63,65.79
,,남,988,0.50,,42,0.41,,34,0.50,,21,0.25,,27,0.29,,67,0.67,,27,0.43,,29,0.26,,52,0.67,,30,0.60,,34,0.56,,34,0.33,,29,0.55,,23,0.32,,68,0.98,,44,0.59,,35,0.49,,72,0.80,,54,0.63,,45,1.00,,36,0.48,,52,0.34,,58,0.45,,75,0.52,
,,여,"1,503",0.71,,65,0.59,,57,0.76,,19,0.21,,40,0.42,,93,0.88,,31,0.48,,59,0.58,,90,0.96,,46,0.86,,60,0.84,,66,0.58,,51,0.86,,48,0.65,,82,1.11,,63,0.77,,32,0.42,,104,1.04,,76,0.77,,100,1.81,,36,0.44,,85,0.52,,86,0.65,,114,0.73,
,83세,계,"2,130",0.52,65.89,74,0.35,57.45,77,0.54,108.11,52,0.30,44.44,58,0.31,87.10,114,0.55,75.38,62,0.49,93.75,71,0.33,47.92,131,0.77,72.37,68,0.65,58.14,99,0.75,32.00,59,0.27,68.57,69,0.61,76.92,84,0.58,68.00,104,0.73,67.74,99,0.63,76.79,52,0.35,85.71,160,0.84,79.78,103,0.56,66.13,114,1.14,34.12,74,0.47,57.45,132,0.42,69.23,128,0.49,72.97,146,0.49,64.04
,,남,846,0.43,,27,0.27,,40,0.59,,16,0.19,,27,0.29,,49,0.49,,30,0.47,,23,0.21,,55,0.71,,25,0.50,,24,0.39,,24,0.23,,30,0.56,,34,0.48,,42,0.61,,43,0.58,,24,0.33,,71,0.78,,41,0.48,,29,0.65,,27,0.36,,54,0.36,,54,0.42,,57,0.40,
,,여,"1,284",0.60,,47,0.42,,37,0.50,,36,0.40,,31,0.33,,65,0.61,,32,0.50,,48,0.47,,76,0.81,,43,0.80,,75,1.05,,35,0.31,,39,0.66,,50,0.68,,62,0.84,,56,0.68,,28,0.37,,89,0.89,,62,0.63,,85,1.54,,47,0.57,,78,0.48,,74,0.56,,89,0.57,
,84세,계,"1,766",0.43,56.01,55,0.26,57.14,59,0.41,51.28,35,0.20,34.62,47,0.25,30.56,117,0.57,51.95,55,0.43,48.65,52,0.24,116.67,85,0.50,57.41,49,0.47,113.04,90,0.68,55.17,78,0.36,81.40,43,0.38,53.57,42,0.29,68.00,81,0.57,65.31,80,0.51,73.91,43,0.29,86.96,123,0.65,41.38,110,0.59,46.67,119,1.19,60.81,56,0.36,55.56,110,0.35,61.76,100,0.38,49.25,137,0.46,34.31
,,남,634,0.32,,20,0.20,,20,0.29,,9,0.11,,11,0.12,,40,0.40,,18,0.28,,28,0.25,,31,0.40,,26,0.52,,32,0.52,,35,0.34,,15,0.28,,17,0.24,,32,0.46,,34,0.46,,20,0.28,,36,0.40,,35,0.41,,45,1.00,,20,0.27,,42,0.28,,33,0.26,,35,0.24,
,,여,"1,132",0.53,,35,0.32,,39,0.52,,26,0.29,,36,0.38,,77,0.73,,37,0.58,,24,0.24,,54,0.57,,23,0.43,,58,0.81,,43,0.38,,28,0.47,,25,0.34,,49,0.67,,46,0.56,,23,0.30,,87,0.87,,75,0.76,,74,1.34,,36,0.44,,68,0.42,,67,0.50,,102,0.65,
,85세,계,"1,615",0.39,59.58,61,0.29,125.93,65,0.46,96.97,35,0.20,75.00,26,0.14,116.67,99,0.48,45.59,39,0.31,44.44,52,0.24,67.74,103,0.60,51.47,44,0.42,109.52,64,0.48,68.42,54,0.25,86.21,54,0.48,50.00,52,0.36,67.74,80,0.56,60.00,73,0.47,73.81,42,0.28,50.00,108,0.57,42.11,100,0.54,61.29,99,0.99,32.00,56,0.36,64.71,71,0.23,47.92,118,0.45,59.46,120,0.40,46.34
,,남,603,0.31,,34,0.33,,32,0.47,,15,0.18,,14,0.15,,31,0.31,,12,0.19,,21,0.19,,35,0.45,,23,0.46,,26,0.43,,25,0.24,,18,0.34,,21,0.30,,30,0.43,,31,0.42,,14,0.19,,32,0.35,,38,0.44,,24,0.54,,22,0.29,,23,0.15,,44,0.34,,38,0.27,
,,여,"1,012",0.48,,27,0.24,,33,0.44,,20,0.22,,12,0.13,,68,0.64,,27,0.42,,31,0.30,,68,0.72,,21,0.39,,38,0.53,,29,0.26,,36,0.61,,31,0.42,,50,0.68,,42,0.51,,28,0.37,,76,0.76,,62,0.63,,75,1.36,,34,0.42,,48,0.29,,74,0.56,,82,0.53,
,86세,계,"1,365",0.33,56.54,56,0.26,69.70,39,0.27,69.57,37,0.21,48.00,42,0.22,61.54,100,0.48,63.93,33,0.26,37.50,31,0.15,63.16,85,0.50,54.55,34,0.33,78.95,58,0.44,48.72,53,0.24,35.90,34,0.30,70.00,42,0.29,100.00,60,0.42,50.00,61,0.39,64.86,39,0.26,77.27,91,0.48,40.00,83,0.45,48.21,67,0.67,36.73,48,0.31,54.84,96,0.31,68.42,70,0.27,79.49,106,0.35,47.22
,,남,493,0.25,,23,0.23,,16,0.24,,12,0.15,,16,0.17,,39,0.39,,9,0.14,,12,0.11,,30,0.39,,15,0.30,,19,0.31,,14,0.13,,14,0.26,,21,0.30,,20,0.29,,24,0.32,,17,0.24,,26,0.29,,27,0.31,,18,0.40,,17,0.23,,39,0.26,,31,0.24,,34,0.24,
,,여,872,0.41,,33,0.30,,23,0.31,,25,0.28,,26,0.27,,61,0.58,,24,0.38,,19,0.19,,55,0.59,,19,0.36,,39,0.55,,39,0.34,,20,0.34,,21,0.29,,40,0.54,,37,0.45,,22,0.29,,65,0.65,,56,0.56,,49,0.89,,31,0.38,,57,0.35,,39,0.29,,72,0.46,
,87세,계,"1,227",0.30,53.95,47,0.22,56.67,38,0.27,35.71,28,0.16,86.67,29,0.15,70.59,70,0.34,55.56,38,0.30,80.95,40,0.19,66.67,70,0.41,75.00,30,0.29,42.86,58,0.44,52.63,39,0.18,50.00,33,0.29,106.25,43,0.30,59.26,50,0.35,78.57,59,0.38,84.38,29,0.20,45.00,107,0.56,38.96,73,0.39,69.77,62,0.62,19.23,32,0.20,52.38,81,0.26,65.31,72,0.28,24.14,99,0.33,43.48
,,남,430,0.22,,17,0.17,,10,0.15,,13,0.16,,12,0.13,,25,0.25,,17,0.27,,16,0.14,,30,0.39,,9,0.18,,20,0.33,,13,0.12,,17,0.32,,16,0.23,,22,0.32,,27,0.36,,9,0.12,,30,0.33,,30,0.35,,10,0.22,,11,0.15,,32,0.21,,14,0.11,,30,0.21,
,,여,797,0.37,,30,0.27,,28,0.37,,15,0.17,,17,0.18,,45,0.42,,21,0.33,,24,0.24,,40,0.43,,21,0.39,,38,0.53,,26,0.23,,16,0.27,,27,0.37,,28,0.38,,32,0.39,,20,0.26,,77,0.77,,43,0.43,,52,0.94,,21,0.26,,49,0.30,,58,0.44,,69,0.44,
,88세,계,"1,065",0.26,54.35,48,0.23,65.52,31,0.22,82.35,27,0.16,58.82,18,0.10,63.64,84,0.41,82.61,40,0.31,53.85,29,0.14,38.10,76,0.44,31.03,32,0.31,52.38,49,0.37,63.33,45,0.21,32.35,33,0.29,83.33,35,0.24,59.09,47,0.33,34.29,32,0.20,39.13,17,0.11,88.89,63,0.33,70.27,49,0.26,81.48,48,0.48,23.08,41,0.26,46.43,67,0.21,48.89,73,0.28,55.32,81,0.27,62.00
,,남,375,0.19,,19,0.19,,14,0.21,,10,0.12,,7,0.08,,38,0.38,,14,0.22,,8,0.07,,18,0.23,,11,0.22,,19,0.31,,11,0.11,,15,0.28,,13,0.18,,12,0.17,,9,0.12,,8,0.11,,26,0.29,,22,0.25,,9,0.20,,13,0.17,,22,0.15,,26,0.20,,31,0.22,
,,여,690,0.32,,29,0.26,,17,0.23,,17,0.19,,11,0.12,,46,0.43,,26,0.41,,21,0.21,,58,0.62,,21,0.39,,30,0.42,,34,0.30,,18,0.30,,22,0.30,,35,0.48,,23,0.28,,9,0.12,,37,0.37,,27,0.27,,39,0.71,,28,0.34,,45,0.28,,47,0.35,,50,0.32,
,89세,계,931,0.23,47.08,39,0.18,69.57,25,0.18,56.25,23,0.13,91.67,22,0.12,22.22,59,0.29,47.50,37,0.29,48.00,29,0.14,31.82,54,0.32,68.75,22,0.21,37.50,52,0.39,62.50,52,0.24,57.58,16,0.14,33.33,18,0.12,12.50,39,0.27,50.00,43,0.27,65.38,17,0.11,70.00,57,0.30,35.71,47,0.25,38.24,59,0.59,34.09,36,0.23,38.46,52,0.17,36.84,54,0.21,54.29,79,0.26,43.64
,,남,298,0.15,,16,0.16,,9,0.13,,11,0.13,,4,0.04,,19,0.19,,12,0.19,,7,0.06,,22,0.29,,6,0.12,,20,0.33,,19,0.18,,4,0.08,,2,0.03,,13,0.19,,17,0.23,,7,0.10,,15,0.17,,13,0.15,,15,0.33,,10,0.13,,14,0.09,,19,0.15,,24,0.17,
,,여,633,0.30,,23,0.21,,16,0.21,,12,0.13,,18,0.19,,40,0.38,,25,0.39,,22,0.22,,32,0.34,,16,0.30,,32,0.45,,33,0.29,,12,0.20,,16,0.22,,26,0.35,,26,0.32,,10,0.13,,42,0.42,,34,0.34,,44,0.80,,26,0.32,,38,0.23,,35,0.26,,55,0.35,
,90세,계,746,0.18,42.37,22,0.10,46.67,25,0.18,47.06,13,0.08,85.71,20,0.11,66.67,30,0.15,76.47,18,0.14,50.00,22,0.10,37.50,45,0.26,32.35,23,0.22,53.33,33,0.25,57.14,33,0.15,22.22,18,0.16,38.46,24,0.17,60.00,43,0.30,26.47,33,0.21,32.00,24,0.16,60.00,56,0.29,40.00,50,0.27,35.14,43,0.43,16.22,23,0.15,35.29,45,0.14,50.00,45,0.17,55.17,58,0.19,48.72
,,남,222,0.11,,7,0.07,,8,0.12,,6,0.07,,8,0.09,,13,0.13,,6,0.09,,6,0.05,,11,0.14,,8,0.16,,12,0.20,,6,0.06,,5,0.09,,9,0.13,,9,0.13,,8,0.11,,9,0.12,,16,0.18,,13,0.15,,6,0.13,,6,0.08,,15,0.10,,16,0.12,,19,0.13,
,,여,524,0.25,,15,0.14,,17,0.23,,7,0.08,,12,0.13,,17,0.16,,12,0.19,,16,0.16,,34,0.36,,15,0.28,,21,0.29,,27,0.24,,13,0.22,,15,0.20,,34,0.46,,25,0.30,,15,0.20,,40,0.40,,37,0.37,,37,0.67,,17,0.21,,30,0.18,,29,0.22,,39,0.25,
,91세,계,556,0.14,40.40,17,0.08,54.55,16,0.11,45.45,13,0.08,62.50,17,0.09,54.55,40,0.19,53.85,18,0.14,38.46,14,0.07,40.00,33,0.19,26.92,11,0.11,120.00,30,0.23,36.36,27,0.12,28.57,13,0.12,44.44,14,0.10,133.33,33,0.23,32.00,20,0.13,53.85,11,0.07,10.00,40,0.21,33.33,43,0.23,22.86,32,0.32,28.00,15,0.10,36.36,32,0.10,28.00,30,0.12,66.67,37,0.12,48.00
,,남,160,0.08,,6,0.06,,5,0.07,,5,0.06,,6,0.07,,14,0.14,,5,0.08,,4,0.04,,7,0.09,,6,0.12,,8,0.13,,6,0.06,,4,0.08,,8,0.11,,8,0.12,,7,0.09,,1,0.01,,10,0.11,,8,0.09,,7,0.16,,4,0.05,,7,0.05,,12,0.09,,12,0.08,
,,여,396,0.19,,11,0.10,,11,0.15,,8,0.09,,11,0.12,,26,0.25,,13,0.20,,10,0.10,,26,0.28,,5,0.09,,22,0.31,,21,0.19,,9,0.15,,6,0.08,,25,0.34,,13,0.16,,10,0.13,,30,0.30,,35,0.35,,25,0.45,,11,0.13,,25,0.15,,18,0.14,,25,0.16,
,92세,계,458,0.11,44.48,18,0.08,63.64,12,0.08,140.00,11,0.06,22.22,9,0.05,50.00,26,0.13,36.84,16,0.13,33.33,14,0.07,16.67,26,0.15,52.94,9,0.09,28.57,23,0.17,35.29,16,0.07,23.08,13,0.12,62.50,12,0.08,20.00,21,0.15,10.53,23,0.15,43.75,15,0.10,66.67,23,0.12,64.29,31,0.17,47.62,29,0.29,45.00,22,0.14,37.50,24,0.08,41.18,26,0.10,73.33,39,0.13,62.50
,,남,141,0.07,,7,0.07,,7,0.10,,2,0.02,,3,0.03,,7,0.07,,4,0.06,,2,0.02,,9,0.12,,2,0.04,,6,0.10,,3,0.03,,5,0.09,,2,0.03,,2,0.03,,7,0.09,,6,0.08,,9,0.10,,10,0.12,,9,0.20,,6,0.08,,7,0.05,,11,0.09,,15,0.10,
,,여,317,0.15,,11,0.10,,5,0.07,,9,0.10,,6,0.06,,19,0.18,,12,0.19,,12,0.12,,17,0.18,,7,0.13,,17,0.24,,13,0.11,,8,0.13,,10,0.14,,19,0.26,,16,0.20,,9,0.12,,14,0.14,,21,0.21,,20,0.36,,16,0.20,,17,0.10,,15,0.11,,24,0.15,
,93세,계,331,0.08,37.92,11,0.05,57.14,14,0.10,16.67,5,0.03,66.67,6,0.03,20.00,30,0.15,57.89,7,0.05,16.67,15,0.07,50.00,24,0.14,33.33,5,0.05,66.67,15,0.11,66.67,12,0.06,50.00,11,0.10,10.00,11,0.08,10.00,14,0.10,75.00,14,0.09,55.56,6,0.04,200.00,23,0.12,76.92,22,0.12,10.00,15,0.15,50.00,6,0.04,20.00,21,0.07,10.53,21,0.08,40.00,23,0.08,21.05
,,남,91,0.05,,4,0.04,,2,0.03,,2,0.02,,1,0.01,,11,0.11,,1,0.02,,5,0.05,,6,0.08,,2,0.04,,6,0.10,,4,0.04,,1,0.02,,1,0.01,,6,0.09,,5,0.07,,4,0.06,,10,0.11,,2,0.02,,5,0.11,,1,0.01,,2,0.01,,6,0.05,,4,0.03,
,,여,240,0.11,,7,0.06,,12,0.16,,3,0.03,,5,0.05,,19,0.18,,6,0.09,,10,0.10,,18,0.19,,3,0.06,,9,0.13,,8,0.07,,10,0.17,,10,0.14,,8,0.11,,9,0.11,,2,0.03,,13,0.13,,20,0.20,,10,0.18,,5,0.06,,19,0.12,,15,0.11,,19,0.12,
,94세,계,221,0.05,30.00,1,0.00,0.00,5,0.04,25.00,6,0.03,100.00,8,0.04,14.29,13,0.06,116.67,3,0.02,50.00,5,0.02,25.00,10,0.06,11.11,5,0.05,66.67,7,0.05,75.00,11,0.05,22.22,5,0.04,150.00,14,0.10,40.00,16,0.11,23.08,14,0.09,27.27,5,0.03,25.00,20,0.11,11.11,11,0.06,37.50,8,0.08,14.29,5,0.03,0.00,11,0.04,10.00,10,0.04,25.00,28,0.09,27.27
,,남,51,0.03,,0,0.00,,1,0.01,,3,0.04,,1,0.01,,7,0.07,,1,0.02,,1,0.01,,1,0.01,,2,0.04,,3,0.05,,2,0.02,,3,0.06,,4,0.06,,3,0.04,,3,0.04,,1,0.01,,2,0.02,,3,0.03,,1,0.02,,0,0.00,,1,0.01,,2,0.02,,6,0.04,
,,여,170,0.08,,1,0.01,,4,0.05,,3,0.03,,7,0.07,,6,0.06,,2,0.03,,4,0.04,,9,0.10,,3,0.06,,4,0.06,,9,0.08,,2,0.03,,10,0.14,,13,0.18,,11,0.13,,4,0.05,,18,0.18,,8,0.08,,7,0.13,,5,0.06,,10,0.06,,8,0.06,,22,0.14,
,95세,계,150,0.04,27.12,7,0.03,250.00,5,0.04,25.00,5,0.03,0.00,4,0.02,0.00,6,0.03,20.00,3,0.02,0.00,2,0.01,100.00,6,0.04,20.00,3,0.03,50.00,10,0.08,100.00,12,0.06,20.00,3,0.03,0.00,5,0.03,0.00,7,0.05,16.67,7,0.04,40.00,2,0.01,0.00,14,0.07,55.56,10,0.05,25.00,5,0.05,0.00,5,0.03,0.00,11,0.04,22.22,6,0.02,50.00,12,0.04,9.09
,,남,32,0.02,,5,0.05,,1,0.01,,0,0.00,,0,0.00,,1,0.01,,0,0.00,,1,0.01,,1,0.01,,1,0.02,,5,0.08,,2,0.02,,0,0.00,,0,0.00,,1,0.01,,2,0.03,,0,0.00,,5,0.06,,2,0.02,,0,0.00,,0,0.00,,2,0.01,,2,0.02,,1,0.01,
,,여,118,0.06,,2,0.02,,4,0.05,,5,0.06,,4,0.04,,5,0.05,,3,0.05,,1,0.01,,5,0.05,,2,0.04,,5,0.07,,10,0.09,,3,0.05,,5,0.07,,6,0.08,,5,0.06,,2,0.03,,9,0.09,,8,0.08,,5,0.09,,5,0.06,,9,0.06,,4,0.03,,11,0.07,
,96세,계,115,0.03,21.05,3,0.01,50.00,2,0.01,100.00,2,0.01,0.00,2,0.01,0.00,2,0.01,100.00,6,0.05,20.00,2,0.01,0.00,4,0.02,33.33,1,0.01,0.00,7,0.05,75.00,6,0.03,0.00,0,0.00,0.00,4,0.03,33.33,7,0.05,16.67,4,0.03,33.33,5,0.03,0.00,9,0.05,50.00,4,0.02,33.33,16,0.16,6.67,5,0.03,0.00,7,0.02,40.00,4,0.02,33.33,13,0.04,8.33
,,남,20,0.01,,1,0.01,,1,0.01,,0,0.00,,0,0.00,,1,0.01,,1,0.02,,0,0.00,,1,0.01,,0,0.00,,3,0.05,,0,0.00,,0,0.00,,1,0.01,,1,0.01,,1,0.01,,0,0.00,,3,0.03,,1,0.01,,1,0.02,,0,0.00,,2,0.01,,1,0.01,,1,0.01,
,,여,95,0.04,,2,0.02,,1,0.01,,2,0.02,,2,0.02,,1,0.01,,5,0.08,,2,0.02,,3,0.03,,1,0.02,,4,0.06,,6,0.05,,0,0.00,,3,0.04,,6,0.08,,3,0.04,,5,0.07,,6,0.06,,3,0.03,,15,0.27,,5,0.06,,5,0.03,,3,0.02,,12,0.08,
,97세,계,75,0.02,22.95,2,0.01,0.00,5,0.04,25.00,2,0.01,0.00,1,0.01,0.00,4,0.02,0.00,1,0.01,0.00,2,0.01,0.00,3,0.02,50.00,6,0.06,20.00,2,0.02,0.00,3,0.01,50.00,2,0.02,0.00,5,0.03,25.00,4,0.03,0.00,4,0.03,0.00,0,0.00,0.00,4,0.02,33.33,5,0.03,66.67,2,0.02,0.00,2,0.01,0.00,4,0.01,33.33,6,0.02,50.00,6,0.02,0.00
,,남,14,0.01,,0,0.00,,1,0.01,,0,0.00,,1,0.01,,0,0.00,,0,0.00,,2,0.02,,1,0.01,,1,0.02,,0,0.00,,1,0.01,,0,0.00,,1,0.01,,0,0.00,,0,0.00,,0,0.00,,1,0.01,,2,0.02,,0,0.00,,0,0.00,,1,0.01,,2,0.02,,0,0.00,
,,여,61,0.03,,2,0.02,,4,0.05,,2,0.02,,0,0.00,,4,0.04,,1,0.02,,0,0.00,,2,0.02,,5,0.09,,2,0.03,,2,0.02,,2,0.03,,4,0.05,,4,0.05,,4,0.05,,0,0.00,,3,0.03,,3,0.03,,2,0.04,,2,0.02,,3,0.02,,4,0.03,,6,0.04,
,98세,계,56,0.01,21.74,3,0.01,0.00,1,0.01,0.00,0,0.00,0.00,0,0.00,0.00,5,0.02,25.00,0,0.00,0.00,0,0.00,0.00,5,0.03,25.00,1,0.01,0.00,1,0.01,0.00,3,0.01,50.00,1,0.01,0.00,1,0.01,0.00,4,0.03,0.00,6,0.04,20.00,1,0.01,0.00,6,0.03,20.00,1,0.01,0.00,5,0.05,66.67,4,0.03,0.00,1,0.00,0.00,4,0.02,0.00,3,0.01,0.00
,,남,10,0.01,,0,0.00,,0,0.00,,0,0.00,,0,0.00,,1,0.01,,0,0.00,,0,0.00,,1,0.01,,0,0.00,,0,0.00,,1,0.01,,0,0.00,,1,0.01,,0,0.00,,1,0.01,,1,0.01,,1,0.01,,0,0.00,,2,0.04,,0,0.00,,1,0.01,,0,0.00,,0,0.00,
,,여,46,0.02,,3,0.03,,1,0.01,,0,0.00,,0,0.00,,4,0.04,,0,0.00,,0,0.00,,4,0.04,,1,0.02,,1,0.01,,2,0.02,,1,0.02,,0,0.00,,4,0.05,,5,0.06,,0,0.00,,5,0.05,,1,0.01,,3,0.05,,4,0.05,,0,0.00,,4,0.03,,3,0.02,
,99세,계,34,0.01,3.03,0,0.00,0.00,2,0.01,0.00,0,0.00,0.00,0,0.00,0.00,2,0.01,0.00,4,0.03,0.00,1,0.00,0.00,3,0.02,0.00,0,0.00,0.00,0,0.00,0.00,3,0.01,0.00,1,0.01,0.00,0,0.00,0.00,1,0.01,0.00,3,0.02,0.00,1,0.01,0.00,3,0.02,0.00,3,0.02,0.00,1,0.01,0.00,1,0.01,0.00,1,0.00,0.00,2,0.01,100.00,2,0.01,0.00
,,남,1,0.00,,0,0.00,,0,0.00,,0,0.00,,0,0.00,,0,0.00,,0,0.00,,0,0.00,,0,0.00,,0,0.00,,0,0.00,,0,0.00,,0,0.00,,0,0.00,,0,0.00,,0,0.00,,0,0.00,,0,0.00,,0,0.00,,0,0.00,,0,0.00,,0,0.00,,1,0.01,,0,0.00,
,,여,33,0.02,,0,0.00,,2,0.03,,0,0.00,,0,0.00,,2,0.02,,4,0.06,,1,0.01,,3,0.03,,0,0.00,,0,0.00,,3,0.03,,1,0.02,,0,0.00,,1,0.01,,3,0.04,,1,0.01,,3,0.03,,3,0.03,,1,0.02,,1,0.01,,1,0.01,,1,0.01,,2,0.01,
,100세,계,13,0.00,44.44,0,0.00,0.00,0,0.00,0.00,1,0.01,0.00,0,0.00,0.00,0,0.00,0.00,1,0.01,0.00,0,0.00,0.00,1,0.01,0.00,0,0.00,0.00,1,0.01,0.00,0,0.00,0.00,0,0.00,0.00,0,0.00,0.00,1,0.01,0.00,0,0.00,0.00,1,0.01,0.00,0,0.00,0.00,1,0.01,0.00,1,0.01,0.00,0,0.00,0.00,1,0.00,0.00,2,0.01,100.00,2,0.01,0.00
,,남,4,0.00,,0,0.00,,0,0.00,,1,0.01,,0,0.00,,0,0.00,,0,0.00,,0,0.00,,0,0.00,,0,0.00,,0,0.00,,0,0.00,,0,0.00,,0,0.00,,0,0.00,,0,0.00,,0,0.00,,0,0.00,,1,0.01,,1,0.02,,0,0.00,,0,0.00,,1,0.01,,0,0.00,
,,여,9,0.00,,0,0.00,,0,0.00,,0,0.00,,0,0.00,,0,0.00,,1,0.02,,0,0.00,,1,0.01,,0,0.00,,1,0.01,,0,0.00,,0,0.00,,0,0.00,,1,0.01,,0,0.00,,1,0.01,,0,0.00,,0,0.00,,0,0.00,,0,0.00,,1,0.01,,1,0.01,,2,0.01,
,101세,계,8,0.00,14.29,1,0.00,0.00,1,0.01,0.00,0,0.00,0.00,0,0.00,0.00,1,0.00,0.00,0,0.00,0.00,0,0.00,0.00,1,0.01,0.00,0,0.00,0.00,1,0.01,0.00,0,0.00,0.00,0,0.00,0.00,0,0.00,0.00,0,0.00,0.00,0,0.00,0.00,1,0.01,0.00,0,0.00,0.00,1,0.01,0.00,0,0.00,0.00,1,0.01,0.00,0,0.00,0.00,0,0.00,0.00,0,0.00,0.00
,,남,1,0.00,,0,0.00,,0,0.00,,0,0.00,,0,0.00,,0,0.00,,0,0.00,,0,0.00,,0,0.00,,0,0.00,,0,0.00,,0,0.00,,0,0.00,,0,0.00,,0,0.00,,0,0.00,,1,0.01,,0,0.00,,0,0.00,,0,0.00,,0,0.00,,0,0.00,,0,0.00,,0,0.00,
,,여,7,0.00,,1,0.01,,1,0.01,,0,0.00,,0,0.00,,1,0.01,,0,0.00,,0,0.00,,1,0.01,,0,0.00,,1,0.01,,0,0.00,,0,0.00,,0,0.00,,0,0.00,,0,0.00,,0,0.00,,0,0.00,,1,0.01,,0,0.00,,1,0.01,,0,0.00,,0,0.00,,0,0.00,
,102세,계,5,0.00,66.67,0,0.00,0.00,0,0.00,0.00,0,0.00,0.00,1,0.01,0.00,0,0.00,0.00,0,0.00,0.00,1,0.00,0.00,2,0.01,100.00,0,0.00,0.00,0,0.00,0.00,0,0.00,0.00,0,0.00,0.00,0,0.00,0.00,0,0.00,0.00,0,0.00,0.00,0,0.00,0.00,0,0.00,0.00,1,0.01,0.00,0,0.00,0.00,0,0.00,0.00,0,0.00,0.00,0,0.00,0.00,0,0.00,0.00
,,남,2,0.00,,0,0.00,,0,0.00,,0,0.00,,0,0.00,,0,0.00,,0,0.00,,1,0.01,,1,0.01,,0,0.00,,0,0.00,,0,0.00,,0,0.00,,0,0.00,,0,0.00,,0,0.00,,0,0.00,,0,0.00,,0,0.00,,0,0.00,,0,0.00,,0,0.00,,0,0.00,,0,0.00,
,,여,3,0.00,,0,0.00,,0,0.00,,0,0.00,,1,0.01,,0,0.00,,0,0.00,,0,0.00,,1,0.01,,0,0.00,,0,0.00,,0,0.00,,0,0.00,,0,0.00,,0,0.00,,0,0.00,,0,0.00,,0,0.00,,1,0.01,,0,0.00,,0,0.00,,0,0.00,,0,0.00,,0,0.00,
,103세,계,7,0.00,0.00,0,0.00,0.00,0,0.00,0.00,0,0.00,0.00,0,0.00,0.00,0,0.00,0.00,1,0.01,0.00,0,0.00,0.00,1,0.01,0.00,0,0.00,0.00,2,0.02,0.00,0,0.00,0.00,0,0.00,0.00,1,0.01,0.00,0,0.00,0.00,1,0.01,0.00,0,0.00,0.00,0,0.00,0.00,0,0.00,0.00,1,0.01,0.00,0,0.00,0.00,0,0.00,0.00,0,0.00,0.00,0,0.00,0.00
,,남,0,0.00,,0,0.00,,0,0.00,,0,0.00,,0,0.00,,0,0.00,,0,0.00,,0,0.00,,0,0.00,,0,0.00,,0,0.00,,0,0.00,,0,0.00,,0,0.00,,0,0.00,,0,0.00,,0,0.00,,0,0.00,,0,0.00,,0,0.00,,0,0.00,,0,0.00,,0,0.00,,0,0.00,
,,여,7,0.00,,0,0.00,,0,0.00,,0,0.00,,0,0.00,,0,0.00,,1,0.02,,0,0.00,,1,0.01,,0,0.00,,2,0.03,,0,0.00,,0,0.00,,1,0.01,,0,0.00,,1,0.01,,0,0.00,,0,0.00,,0,0.00,,1,0.02,,0,0.00,,0,0.00,,0,0.00,,0,0.00,
,104세,계,3,0.00,0.00,0,0.00,0.00,0,0.00,0.00,0,0.00,0.00,0,0.00,0.00,0,0.00,0.00,0,0.00,0.00,0,0.00,0.00,0,0.00,0.00,1,0.01,0.00,0,0.00,0.00,0,0.00,0.00,0,0.00,0.00,0,0.00,0.00,0,0.00,0.00,1,0.01,0.00,1,0.01,0.00,0,0.00,0.00,0,0.00,0.00,0,0.00,0.00,0,0.00,0.00,0,0.00,0.00,0,0.00,0.00,0,0.00,0.00
,,남,0,0.00,,0,0.00,,0,0.00,,0,0.00,,0,0.00,,0,0.00,,0,0.00,,0,0.00,,0,0.00,,0,0.00,,0,0.00,,0,0.00,,0,0.00,,0,0.00,,0,0.00,,0,0.00,,0,0.00,,0,0.00,,0,0.00,,0,0.00,,0,0.00,,0,0.00,,0,0.00,,0,0.00,
,,여,3,0.00,,0,0.00,,0,0.00,,0,0.00,,0,0.00,,0,0.00,,0,0.00,,0,0.00,,0,0.00,,1,0.02,,0,0.00,,0,0.00,,0,0.00,,0,0.00,,0,0.00,,1,0.01,,1,0.01,,0,0.00,,0,0.00,,0,0.00,,0,0.00,,0,0.00,,0,0.00,,0,0.00,
,105세,계,1,0.00,0.00,0,0.00,0.00,0,0.00,0.00,0,0.00,0.00,0,0.00,0.00,0,0.00,0.00,0,0.00,0.00,0,0.00,0.00,1,0.01,0.00,0,0.00,0.00,0,0.00,0.00,0,0.00,0.00,0,0.00,0.00,0,0.00,0.00,0,0.00,0.00,0,0.00,0.00,0,0.00,0.00,0,0.00,0.00,0,0.00,0.00,0,0.00,0.00,0,0.00,0.00,0,0.00,0.00,0,0.00,0.00,0,0.00,0.00
,,남,0,0.00,,0,0.00,,0,0.00,,0,0.00,,0,0.00,,0,0.00,,0,0.00,,0,0.00,,0,0.00,,0,0.00,,0,0.00,,0,0.00,,0,0.00,,0,0.00,,0,0.00,,0,0.00,,0,0.00,,0,0.00,,0,0.00,,0,0.00,,0,0.00,,0,0.00,,0,0.00,,0,0.00,
,,여,1,0.00,,0,0.00,,0,0.00,,0,0.00,,0,0.00,,0,0.00,,0,0.00,,0,0.00,,1,0.01,,0,0.00,,0,0.00,,0,0.00,,0,0.00,,0,0.00,,0,0.00,,0,0.00,,0,0.00,,0,0.00,,0,0.00,,0,0.00,,0,0.00,,0,0.00,,0,0.00,,0,0.00,
,106세,계,1,0.00,0.00,0,0.00,0.00,0,0.00,0.00,0,0.00,0.00,0,0.00,0.00,0,0.00,0.00,0,0.00,0.00,0,0.00,0.00,0,0.00,0.00,0,0.00,0.00,0,0.00,0.00,0,0.00,0.00,0,0.00,0.00,0,0.00,0.00,0,0.00,0.00,0,0.00,0.00,0,0.00,0.00,0,0.00,0.00,0,0.00,0.00,1,0.01,0.00,0,0.00,0.00,0,0.00,0.00,0,0.00,0.00,0,0.00,0.00
,,남,0,0.00,,0,0.00,,0,0.00,,0,0.00,,0,0.00,,0,0.00,,0,0.00,,0,0.00,,0,0.00,,0,0.00,,0,0.00,,0,0.00,,0,0.00,,0,0.00,,0,0.00,,0,0.00,,0,0.00,,0,0.00,,0,0.00,,0,0.00,,0,0.00,,0,0.00,,0,0.00,,0,0.00,
,,여,1,0.00,,0,0.00,,0,0.00,,0,0.00,,0,0.00,,0,0.00,,0,0.00,,0,0.00,,0,0.00,,0,0.00,,0,0.00,,0,0.00,,0,0.00,,0,0.00,,0,0.00,,0,0.00,,0,0.00,,0,0.00,,0,0.00,,1,0.02,,0,0.00,,0,0.00,,0,0.00,,0,0.00,
,107세,계,0,0.00,0.00,0,0.00,0.00,0,0.00,0.00,0,0.00,0.00,0,0.00,0.00,0,0.00,0.00,0,0.00,0.00,0,0.00,0.00,0,0.00,0.00,0,0.00,0.00,0,0.00,0.00,0,0.00,0.00,0,0.00,0.00,0,0.00,0.00,0,0.00,0.00,0,0.00,0.00,0,0.00,0.00,0,0.00,0.00,0,0.00,0.00,0,0.00,0.00,0,0.00,0.00,0,0.00,0.00,0,0.00,0.00,0,0.00,0.00
,,남,0,0.00,,0,0.00,,0,0.00,,0,0.00,,0,0.00,,0,0.00,,0,0.00,,0,0.00,,0,0.00,,0,0.00,,0,0.00,,0,0.00,,0,0.00,,0,0.00,,0,0.00,,0,0.00,,0,0.00,,0,0.00,,0,0.00,,0,0.00,,0,0.00,,0,0.00,,0,0.00,,0,0.00,
,,여,0,0.00,,0,0.00,,0,0.00,,0,0.00,,0,0.00,,0,0.00,,0,0.00,,0,0.00,,0,0.00,,0,0.00,,0,0.00,,0,0.00,,0,0.00,,0,0.00,,0,0.00,,0,0.00,,0,0.00,,0,0.00,,0,0.00,,0,0.00,,0,0.00,,0,0.00,,0,0.00,,0,0.00,
,108세,계,1,0.00,0.00,0,0.00,0.00,0,0.00,0.00,0,0.00,0.00,0,0.00,0.00,1,0.00,0.00,0,0.00,0.00,0,0.00,0.00,0,0.00,0.00,0,0.00,0.00,0,0.00,0.00,0,0.00,0.00,0,0.00,0.00,0,0.00,0.00,0,0.00,0.00,0,0.00,0.00,0,0.00,0.00,0,0.00,0.00,0,0.00,0.00,0,0.00,0.00,0,0.00,0.00,0,0.00,0.00,0,0.00,0.00,0,0.00,0.00
,,남,0,0.00,,0,0.00,,0,0.00,,0,0.00,,0,0.00,,0,0.00,,0,0.00,,0,0.00,,0,0.00,,0,0.00,,0,0.00,,0,0.00,,0,0.00,,0,0.00,,0,0.00,,0,0.00,,0,0.00,,0,0.00,,0,0.00,,0,0.00,,0,0.00,,0,0.00,,0,0.00,,0,0.00,
,,여,1,0.00,,0,0.00,,0,0.00,,0,0.00,,0,0.00,,1,0.01,,0,0.00,,0,0.00,,0,0.00,,0,0.00,,0,0.00,,0,0.00,,0,0.00,,0,0.00,,0,0.00,,0,0.00,,0,0.00,,0,0.00,,0,0.00,,0,0.00,,0,0.00,,0,0.00,,0,0.00,,0,0.00,
,109세,계,0,0.00,0.00,0,0.00,0.00,0,0.00,0.00,0,0.00,0.00,0,0.00,0.00,0,0.00,0.00,0,0.00,0.00,0,0.00,0.00,0,0.00,0.00,0,0.00,0.00,0,0.00,0.00,0,0.00,0.00,0,0.00,0.00,0,0.00,0.00,0,0.00,0.00,0,0.00,0.00,0,0.00,0.00,0,0.00,0.00,0,0.00,0.00,0,0.00,0.00,0,0.00,0.00,0,0.00,0.00,0,0.00,0.00,0,0.00,0.00
,,남,0,0.00,,0,0.00,,0,0.00,,0,0.00,,0,0.00,,0,0.00,,0,0.00,,0,0.00,,0,0.00,,0,0.00,,0,0.00,,0,0.00,,0,0.00,,0,0.00,,0,0.00,,0,0.00,,0,0.00,,0,0.00,,0,0.00,,0,0.00,,0,0.00,,0,0.00,,0,0.00,,0,0.00,
,,여,0,0.00,,0,0.00,,0,0.00,,0,0.00,,0,0.00,,0,0.00,,0,0.00,,0,0.00,,0,0.00,,0,0.00,,0,0.00,,0,0.00,,0,0.00,,0,0.00,,0,0.00,,0,0.00,,0,0.00,,0,0.00,,0,0.00,,0,0.00,,0,0.00,,0,0.00,,0,0.00,,0,0.00,
,110세 이상,계,3,0.00,50.00,0,0.00,0.00,0,0.00,0.00,0,0.00,0.00,0,0.00,0.00,0,0.00,0.00,0,0.00,0.00,0,0.00,0.00,0,0.00,0.00,0,0.00,0.00,0,0.00,0.00,0,0.00,0.00,0,0.00,0.00,0,0.00,0.00,0,0.00,0.00,0,0.00,0.00,0,0.00,0.00,1,0.01,0.00,1,0.01,0.00,1,0.01,0.00,0,0.00,0.00,0,0.00,0.00,0,0.00,0.00,0,0.00,0.00
,,남,1,0.00,,0,0.00,,0,0.00,,0,0.00,,0,0.00,,0,0.00,,0,0.00,,0,0.00,,0,0.00,,0,0.00,,0,0.00,,0,0.00,,0,0.00,,0,0.00,,0,0.00,,0,0.00,,0,0.00,,0,0.00,,0,0.00,,1,0.02,,0,0.00,,0,0.00,,0,0.00,,0,0.00,
,,여,2,0.00,,0,0.00,,0,0.00,,0,0.00,,0,0.00,,0,0.00,,0,0.00,,0,0.00,,0,0.00,,0,0.00,,0,0.00,,0,0.00,,0,0.00,,0,0.00,,0,0.00,,0,0.00,,0,0.00,,1,0.01,,1,0.01,,0,0.00,,0,0.00,,0,0.00,,0,0.00,,0,0.00,
